controlled_path,inventory_record_id,permanent_document_id,document_id_status,enterprise_uid,package,version,lifecycle_status,supersession_status,operational_validity,archive_status,docx_present,pdf_present,pdf_physical_pages,page_number_format,chapter_labels,owner_position,schema_version,build_unit,docx_sha256,pdf_sha256
01-core-doctrine/gov-f-04-1-record-retention-and-disposition-authorization-v1-0-draft.docx,gov-f-04-1-record-retention-and-disposition-authorization,GOV-F-04.1,ESTABLISHED,,01-core-doctrine,1.0,DRAFT,NOT_SUPERSEDED,NOT_APPLICABLE,ACTIVE,YES,YES,1,Page X of Y,01-core-doctrine,Document Control,2.2-development,Build Manifest controlled,24d4f72a3d727191ffaad2e6da4313ba85581e4c18b06b26181ad791c449c6ce,36b8cbb5f34f9b303861a4f515c56af0f2ef74b131552e39531a2529504dbf02
01-core-doctrine/mh-corporate-risk-management-playbook-v1-0-draft.docx,mh-corporate-risk-management-playbook,,NOT_ESTABLISHED,,01-core-doctrine,1.0,DRAFT,NOT_SUPERSEDED,NOT_APPLICABLE,ACTIVE,YES,YES,7,Page X of Y,01-core-doctrine,Document Control,2.2-development,Build Manifest controlled,efb8515c25e475c03556717a7558b76ae4ca58251b6fb26bf382b47b6b8ad035,bff3cc420f16b8d60d378a3ea03b93faef292be9bd457572944590dbabf32d9f
01-core-doctrine/mh-ecosystem-governance-and-document-control-standard-v1-0-draft.docx,mh-ecosystem-governance-and-document-control-standard,,NOT_ESTABLISHED,,01-core-doctrine,1.0,DRAFT,NOT_SUPERSEDED,NOT_APPLICABLE,ACTIVE,YES,YES,7,Page X of Y,01-core-doctrine,Document Control,2.2-development,Build Manifest controlled,3fb7dcbbd292f598036a31f368c3c9cf21a449e47d98ed78c551f1b5927f035f,7686aa923d001527f67c642ab9ee995cf045de114e9746ba9514539b8834a95c
01-core-doctrine/mh-enterprise-master-document-index-v1-0-draft.docx,mh-enterprise-master-document-index,,NOT_ESTABLISHED,,01-core-doctrine,1.0,DRAFT,NOT_SUPERSEDED,NOT_APPLICABLE,ACTIVE,YES,YES,4,Page X of Y,01-core-doctrine,Document Control,2.2-development,Build Manifest controlled,d746541ac6d006cee85648f053776a1fd7b02ae1022982d5bf6330db1d0e016f,f27bb27d4b6a7f0dae956178a1da1e1739d2f2b94365d15e304c47b9fb8a1ef8
01-core-doctrine/mh-operations-manual-raci-appendix-v1-0-draft.docx,mh-operations-manual-raci-appendix,,NOT_ESTABLISHED,,01-core-doctrine,1.0,DRAFT,NOT_SUPERSEDED,NOT_APPLICABLE,ACTIVE,YES,YES,4,Page X of Y,01-core-doctrine,Document Control,2.2-development,Build Manifest controlled,8fe4f421e59835035bc6763e85fa88274f5571c5c4af599d1433d992cfccea7b,13597be8d2fd56df5f7d7835b8730b5852bac117745bb83bbd66f5cd6dff2eae
01-core-doctrine/mh-operations-manual-v1-0-draft.docx,mh-operations-manual,,NOT_ESTABLISHED,,01-core-doctrine,1.0,DRAFT,NOT_SUPERSEDED,NOT_APPLICABLE,ACTIVE,YES,YES,42,Page X of Y,01-core-doctrine,Document Control,2.2-development,Build Manifest controlled,0c6f83119ec3ffce139e6916e0be5e01ef8f5a4cda1b02c9f892fe21b9cd327c,3c9af34e2ed482ab740a1f2ddbb3437f39bc084460d6fef510ecff0d94f18813
01-core-doctrine/mh-revision-history-block-template-v1-0-draft.docx,mh-revision-history-block-template,,NOT_ESTABLISHED,,01-core-doctrine,1.0,DRAFT,NOT_SUPERSEDED,NOT_APPLICABLE,ACTIVE,YES,YES,3,Page X of Y,01-core-doctrine,Document Control,2.2-development,Build Manifest controlled,780533c570c343e7d11a9de3effc0894fe45b1940b02ff18b2dab78b138d8ba3,4500122248aaf0945eed296b824db4aae62243044951f60365cc903584dcae82
01-core-doctrine/mh-rm01-bonding-addendum-v1-0-draft.docx,mh-rm01-bonding-addendum,,NOT_ESTABLISHED,,01-core-doctrine,1.0,DRAFT,NOT_SUPERSEDED,NOT_APPLICABLE,ACTIVE,YES,YES,4,Page X of Y,01-core-doctrine,Document Control,2.2-development,Build Manifest controlled,b4cfdae5014008c5b9ff9b2ab99594d43d8f086523058930f292817d118bd68f,60bf6a66442647689b06c68e36230dc93fe19b938a255ba3cba7e64bbe829403
01-core-doctrine/mh-workforce-development-matrix-v1-0-draft.docx,mh-workforce-development-matrix,,NOT_ESTABLISHED,,01-core-doctrine,1.0,DRAFT,NOT_SUPERSEDED,NOT_APPLICABLE,ACTIVE,YES,YES,7,Page X of Y,01-core-doctrine,Document Control,2.2-development,Build Manifest controlled,b8eab230a19ec19641f77f91bb2055ad7da919ab109db5f8826ec99d7e167888,461b1719b1ff50c17f2023904aa5e68014e3c8a1e16fd280f5b7443c1c1c1315
02-strategy-and-business-dev/mh-bidpilot-sales-estimating-preconstruction-standard-v1-0-draft.docx,mh-bidpilot-sales-estimating-preconstruction-standard,,NOT_ESTABLISHED,,02-strategy-and-business-dev,1.0,DRAFT,NOT_SUPERSEDED,NOT_APPLICABLE,ACTIVE,YES,YES,6,Page X of Y,02-strategy-and-business-dev,Document Control,2.2-development,Build Manifest controlled,45340f62bc64e73eab606b7169378c753ed3145cc57362d7279a1da5773f7bd6,011a54cd786453104f07c7b83307542526917a969e1f293197b478bd40535ef2
02-strategy-and-business-dev/mh-branding-terminology-library-v1-0-draft.docx,mh-branding-terminology-library,,NOT_ESTABLISHED,,02-strategy-and-business-dev,1.0,DRAFT,NOT_SUPERSEDED,NOT_APPLICABLE,ACTIVE,YES,YES,15,Page X of Y,02-strategy-and-business-dev,Document Control,2.2-development,Build Manifest controlled,1034182eb8a33dd3bc0346cb33621650180ecd47bab6061b2925a9e80f74e1f7,6a54066c13e417e54d63e91fac6ea496cd79ac71fce12d78cd50e79bbeeb2af1
02-strategy-and-business-dev/mh-event-and-community-outreach-program-v1-0-draft.docx,mh-event-and-community-outreach-program,,NOT_ESTABLISHED,,02-strategy-and-business-dev,1.0,DRAFT,NOT_SUPERSEDED,NOT_APPLICABLE,ACTIVE,YES,YES,23,Page X of Y,02-strategy-and-business-dev,Document Control,2.2-development,Build Manifest controlled,9bc449ce7f0d62cd4735b87116ad40b54c84904bb19fbe619ae70f6b29c20b0b,d3c102b722ad4c1cf93b13b940b3cf828555870540fd78b0352648b2a401a8f0
02-strategy-and-business-dev/mh-marketing-flight-program-standard-v1-0-draft.docx,mh-marketing-flight-program-standard,,NOT_ESTABLISHED,,02-strategy-and-business-dev,1.0,DRAFT,NOT_SUPERSEDED,NOT_APPLICABLE,ACTIVE,YES,YES,5,Page X of Y,02-strategy-and-business-dev,Document Control,2.2-development,Build Manifest controlled,3d9bbaec6fccfde4ae7f78dc710e79666c14e7cce38d510f7ae99ac19c64c45d,05ee8b68ab1528509c4851b325badf6124d0d0e469678740fc1bccc98f55b023
02-strategy-and-business-dev/mh-marketing-strategy-guide-v1-0-draft.docx,mh-marketing-strategy-guide,,NOT_ESTABLISHED,,02-strategy-and-business-dev,1.0,DRAFT,NOT_SUPERSEDED,NOT_APPLICABLE,ACTIVE,YES,YES,18,Page X of Y,02-strategy-and-business-dev,Document Control,2.2-development,Build Manifest controlled,dd2eff4ae1dbaa582c48aebeb6bafbebcd873d338afa31b25c7fc570cb98fff2,c29f9f4d236a2f4860e400877cdc922f2b888eadd602e793c1a195519c6b8ad7
02-strategy-and-business-dev/mh-sales-estimating-guide-v1-0-draft.docx,mh-sales-estimating-guide,,NOT_ESTABLISHED,,02-strategy-and-business-dev,1.0,DRAFT,NOT_SUPERSEDED,NOT_APPLICABLE,ACTIVE,YES,YES,18,Page X of Y,02-strategy-and-business-dev,Document Control,2.2-development,Build Manifest controlled,c85825f43c16f7c4a9ae2163c78f864e404874f07153a217b16f9d45d3961e5e,ffd033401bbb20c705f2daf7fd1c1d7d5537d14f6ccd9da4e8ee929dcf45131f
02-strategy-and-business-dev/sal-risk-contract-001-contract-risk-and-obligation-review-v1-0-draft.docx,sal-risk-contract-001-contract-risk-and-obligation-review,,NOT_ESTABLISHED,,02-strategy-and-business-dev,1.0,DRAFT,NOT_SUPERSEDED,NOT_APPLICABLE,ACTIVE,YES,YES,2,Page X of Y,02-strategy-and-business-dev,Document Control,2.2-development,Build Manifest controlled,ef70025942eedc80bd21822578ceb27dfcfe2e3ffab4b766e05fa27e3e0d2565,46a8f28092252fc3c5b12f566a4f6e1a24072bbb3de08699a2ce9d255af8648d
03-project-delivery/mh-estimating-bid-package-guide-v1-0-draft.docx,mh-estimating-bid-package-guide,,NOT_ESTABLISHED,,03-project-delivery,1.0,DRAFT,NOT_SUPERSEDED,NOT_APPLICABLE,ACTIVE,YES,YES,7,Page X of Y,03-project-delivery,Document Control,2.2-development,Build Manifest controlled,123192599fc68a0928c9c34d8c4154ac84f7ab9b25debb3832ad326986491941,0b7b3e8ab396d7eda9974ed14886b7525eff0272495242e53e0dc1298f6e7db9
03-project-delivery/mh-financial-controls-guide-v1-0-draft.docx,mh-financial-controls-guide,,NOT_ESTABLISHED,,03-project-delivery,1.0,DRAFT,NOT_SUPERSEDED,NOT_APPLICABLE,ACTIVE,YES,YES,7,Page X of Y,03-project-delivery,Document Control,2.2-development,Build Manifest controlled,ebff763543ed43b5269c517de15c564fe32075bb5cfe6c0bddf2ec76febf967d,f804573314668ed40098c972fea64d4b2a948c533bd0c413e4cd5f80b58e4f72
03-project-delivery/mh-pep-ccp-and-warranty-addendum-v1-0-draft.docx,mh-pep-ccp-and-warranty-addendum,,NOT_ESTABLISHED,,03-project-delivery,1.0,DRAFT,NOT_SUPERSEDED,NOT_APPLICABLE,ACTIVE,YES,YES,3,Page X of Y,03-project-delivery,Document Control,2.2-development,Build Manifest controlled,1e403869dc95a08922b99b30bbeef7dc79be9d51bf04a5dd489c918523887992,b90eb7fedb533a3cb36930b1ce194cad0a32c2e5a958984d7e966563c817cd7d
03-project-delivery/mh-project-execution-playbook-v1-0-draft.docx,mh-project-execution-playbook,,NOT_ESTABLISHED,,03-project-delivery,1.0,DRAFT,NOT_SUPERSEDED,NOT_APPLICABLE,ACTIVE,YES,YES,7,Page X of Y,03-project-delivery,Document Control,2.2-development,Build Manifest controlled,2c6b2ff7817878028f22f8dd8e441f89a925b34f7ae50fe140e4e15079910124,19e184eb61894edf6983629716695f23f909c5a56efa2ff23562d2ca01f98d2b
03-project-delivery/mh-quality-assurance-guide-v2-0-draft.docx,mh-quality-assurance-guide,,NOT_ESTABLISHED,,03-project-delivery,2.0,DRAFT,NOT_SUPERSEDED,NOT_APPLICABLE,ACTIVE,YES,YES,24,Page X of Y,03-project-delivery,Document Control,2.2-development,Build Manifest controlled,446d375cb1de0f777283502194c092f56876345d1b82dbec9da29ba459a4cf6b,b198f16632ac719bee74632c0c981a07f88e5a83e58cd2b2e45f7d5c48872f59
03-project-delivery/mh-sssp-preconstruction-handoff-addendum-v1-0-draft.docx,mh-sssp-preconstruction-handoff-addendum,,NOT_ESTABLISHED,,03-project-delivery,1.0,DRAFT,NOT_SUPERSEDED,NOT_APPLICABLE,ACTIVE,YES,YES,5,Page X of Y,03-project-delivery,Document Control,2.2-development,Build Manifest controlled,871f0141b441bdc234f990bc98868ca3821ce2806d03721531bd698cfeaaf834,882277d639dd65c3aeb879fd055bb426b84bfc61f4dbf3715114d8e2c4306d5a
03-project-delivery/mh-subcontractor-management-manual-v1-0-draft.docx,mh-subcontractor-management-manual,,NOT_ESTABLISHED,,03-project-delivery,1.0,DRAFT,NOT_SUPERSEDED,NOT_APPLICABLE,ACTIVE,YES,YES,7,Page X of Y,03-project-delivery,Document Control,2.2-development,Build Manifest controlled,09c557be36ac9f793b4f9fdab2e7d22d6800a4c04dd362766f9cdaea331d23cd,173c8c2aef888c7b33b726ade530a444b50b3f9bbf7c2e7f59642da948c2fb20
03-project-delivery/pep-f-01-5-sales-to-ops-handoff-v1-0-draft.docx,pep-f-01-5-sales-to-ops-handoff,PEP-F-01.5,ESTABLISHED,,03-project-delivery,1.0,DRAFT,NOT_SUPERSEDED,NOT_APPLICABLE,ACTIVE,YES,YES,2,Page X of Y,03-project-delivery,Document Control,2.2-development,Build Manifest controlled,71dbe859da9df36e47ab3ae0987aaaa55c9f9430b74a9dd6cbb39e90f4fa3536,387042633eee5a7ab56c2c044b5b88b15c6edd303d6d5d69fa8defe313be9d22
03-project-delivery/pep-f-10-1-warranty-service-record-v1-0-draft.docx,pep-f-10-1-warranty-service-record,PEP-F-10.1,ESTABLISHED,,03-project-delivery,1.0,DRAFT,NOT_SUPERSEDED,NOT_APPLICABLE,ACTIVE,YES,YES,1,Page X of Y,03-project-delivery,Document Control,2.2-development,Build Manifest controlled,eed50e1cee3014194b82b5f4efe8c50f610f71a2b8651f2aed2806b1471e6cc8,75dd9efec11f7991bfbbdc57912cba71ac63f9462321131a4caf5094db565035
03-project-delivery/qmp-ncr-001-nonconformance-and-corrective-action-v1-0-draft.docx,qmp-ncr-001-nonconformance-and-corrective-action,,NOT_ESTABLISHED,,03-project-delivery,1.0,DRAFT,NOT_SUPERSEDED,NOT_APPLICABLE,ACTIVE,YES,YES,2,Page X of Y,03-project-delivery,Document Control,2.2-development,Build Manifest controlled,3ecae495f18d507eb48eba712f899303a64581a5d9341e2667fe7bb700ff15b8,04e417717486b5aa447f042bf0925605d27f823f5ce70264b45fe2358d31d41d
03-project-delivery/qmp-plan-itp-001-project-quality-plan-and-inspection-review-v1-0-draft.docx,qmp-plan-itp-001-project-quality-plan-and-inspection-review,,NOT_ESTABLISHED,,03-project-delivery,1.0,DRAFT,NOT_SUPERSEDED,NOT_APPLICABLE,ACTIVE,YES,YES,2,Page X of Y,03-project-delivery,Document Control,2.2-development,Build Manifest controlled,35f57a65a807a1ca90a7e36fd54ad0c888492b154e723b27110984ec8f9c160a,b6d91c04b191b0428255f9b692034e076ecf3f6972bd313274edc11ab462d75e
04-safety-and-field-ops/mh-emergency-response-plan-v1-0-draft.docx,mh-emergency-response-plan,,NOT_ESTABLISHED,,04-safety-and-field-ops,1.0,DRAFT,NOT_SUPERSEDED,NOT_APPLICABLE,ACTIVE,YES,YES,7,Page X of Y,04-safety-and-field-ops,Safety Department,2.2-development,Build Manifest controlled,a08a006354f19dccb4c157ecbbc1f6441e6f85a1a2627c168416928671986e59,1ebb5267737d11db604330fc7c211b9df98edaa3502c9abf834b27647c7a72ac
04-safety-and-field-ops/mh-equipment-fleet-management-manual-v1-0-draft.docx,mh-equipment-fleet-management-manual,,NOT_ESTABLISHED,,04-safety-and-field-ops,1.0,DRAFT,NOT_SUPERSEDED,NOT_APPLICABLE,ACTIVE,YES,YES,13,Page X of Y,04-safety-and-field-ops,Safety Department,2.2-development,Build Manifest controlled,75efbe05b99aaf22af9b060256b1a5159d126299d4d9e51def62e4980fbb13d9,fc12513b53fe3319770bc137122a45093d89fea821dd1bb339936f4c9b242542
04-safety-and-field-ops/mh-equipment-operators-manual-v1-0-draft.docx,mh-equipment-operators-manual,,NOT_ESTABLISHED,,04-safety-and-field-ops,1.0,DRAFT,NOT_SUPERSEDED,NOT_APPLICABLE,ACTIVE,YES,YES,11,Page X of Y,04-safety-and-field-ops,Safety Department,2.2-development,Build Manifest controlled,4a0576226f69993717324ad4d75057b369a4b0c86ebb495f6b43932acdd7eebb,f725fc39a5b8d74955badfd19aa3bab25a46dc11d843013ad5e1a65de98ae4e2
04-safety-and-field-ops/mh-federal-motor-carrier-compliance-manual-v1-0-draft.docx,mh-federal-motor-carrier-compliance-manual,,NOT_ESTABLISHED,,04-safety-and-field-ops,1.0,DRAFT,NOT_SUPERSEDED,NOT_APPLICABLE,ACTIVE,YES,YES,7,Page X of Y,04-safety-and-field-ops,Safety Department,2.2-development,Build Manifest controlled,38c8f652d338f5c52c5f8f01a95a8dbaeb7bdd72a911065896c1e35107f297b5,df8ec357754e6d4f03f15e663d44be70c8666f1ab257055ae8c84eb810b4968e
04-safety-and-field-ops/mh-warehouse-management-guide-v1-0-draft.docx,mh-warehouse-management-guide,,NOT_ESTABLISHED,,04-safety-and-field-ops,1.0,DRAFT,NOT_SUPERSEDED,NOT_APPLICABLE,ACTIVE,YES,YES,11,Page X of Y,04-safety-and-field-ops,Safety Department,2.2-development,Build Manifest controlled,2fddfa62c188dd2352b7318bf788aa3c9bf6f25a26d2cbed8ad8a50569bab23d,4c91b51527041f68649ece0be3ef93ea6b9438d8fb94333dd80cbba8c23fefbf
04-safety-and-field-ops/mh-warehouse-management-system-standard-v1-0-draft.docx,mh-warehouse-management-system-standard,,NOT_ESTABLISHED,,04-safety-and-field-ops,1.0,DRAFT,NOT_SUPERSEDED,NOT_APPLICABLE,ACTIVE,YES,YES,7,Page X of Y,04-safety-and-field-ops,Safety Department,2.2-development,Build Manifest controlled,52870d7af60f35c4371f485be5b094126e774aeafe165e26fed1850a4113794b,126fb67f5006e481b9705bb382733bedb8762083e0b4d863297916e49bdd9c8a
04-safety-and-field-ops/mish-manual-v3-0-draft.docx,mish-manual,,NOT_ESTABLISHED,,04-safety-and-field-ops,3.0,DRAFT,NOT_SUPERSEDED,NOT_APPLICABLE,ACTIVE,YES,YES,101,Page X of Y,04-safety-and-field-ops,Safety Department,2.2-development,Build Manifest controlled,2cf6ed537fdc1e61d5d9ff20befc6a8fe3b8653fb4ae827a2b077ec9de2e6448,a7d07b37b225c37e04fac43201ba169898e04cdc6f5c26357bc3e0f8f764c55f
05-it-and-infrastructure/it-access-001-access-lifecycle-record-v1-0-draft.docx,it-access-001-access-lifecycle-record,,NOT_ESTABLISHED,,05-it-and-infrastructure,1.0,DRAFT,NOT_SUPERSEDED,NOT_APPLICABLE,ACTIVE,YES,YES,1,Page X of Y,05-it-and-infrastructure,Document Control,2.2-development,Build Manifest controlled,450f7fec9fd443f6758b51d695b4c0b3b3d6b190431f6402792e4d074cd276c9,ce6616af2f7b549565e07c5b0a65c020bd0278482c952cdcf5087324db59c4fa
05-it-and-infrastructure/it-bcp-restore-001-backup-and-restore-test-v1-0-draft.docx,it-bcp-restore-001-backup-and-restore-test,,NOT_ESTABLISHED,,05-it-and-infrastructure,1.0,DRAFT,NOT_SUPERSEDED,NOT_APPLICABLE,ACTIVE,YES,YES,1,Page X of Y,05-it-and-infrastructure,Document Control,2.2-development,Build Manifest controlled,110519a9680dea04f15632fb642575276ca0921bb5f0551a3cdac4d028c56fad,d876c8a96175588770820744e1649501dfa6f8f7a44ccb76fd16a1e6e532dd0c
05-it-and-infrastructure/mh-field-command-center-system-standard-v1-0-draft.docx,mh-field-command-center-system-standard,,NOT_ESTABLISHED,,05-it-and-infrastructure,1.0,DRAFT,NOT_SUPERSEDED,NOT_APPLICABLE,ACTIVE,YES,YES,7,Page X of Y,05-it-and-infrastructure,Document Control,2.2-development,Build Manifest controlled,fc0f06b01d41ba61c5955bfe274f86375f6647b3b75c5b08119bb9662fe2934c,6e4902463569caab9375ae8f5632f54dc2b24767af44273d0b75759d673e61f8
05-it-and-infrastructure/mh-it-data-governance-addendum-v1-0-draft.docx,mh-it-data-governance-addendum,,NOT_ESTABLISHED,,05-it-and-infrastructure,1.0,DRAFT,NOT_SUPERSEDED,NOT_APPLICABLE,ACTIVE,YES,YES,7,Page X of Y,05-it-and-infrastructure,Document Control,2.2-development,Build Manifest controlled,ab2a6736957e35277b9b18158be57e16da47770d58e73a075d6c4a53eccc063b,1f20bc084719bac9889c83099ed9a6f9aa43e54f2a590dd3afef5f6c94598527
05-it-and-infrastructure/mh-it-digital-infrastructure-guide-v1-0-draft.docx,mh-it-digital-infrastructure-guide,,NOT_ESTABLISHED,,05-it-and-infrastructure,1.0,DRAFT,NOT_SUPERSEDED,NOT_APPLICABLE,ACTIVE,YES,YES,7,Page X of Y,05-it-and-infrastructure,Document Control,2.2-development,Build Manifest controlled,c6164d6a10273fb5152ce60a4868c9e15b29bd9e21f5be947fbf8b862f059326,5bb5f783d13a5839a118d6e2e8963d4f48cad5c30a25b10a75b529d470538663
05-it-and-infrastructure/mh-new-employee-orientation-guide-v1-0-draft.docx,mh-new-employee-orientation-guide,,NOT_ESTABLISHED,,05-it-and-infrastructure,1.0,DRAFT,NOT_SUPERSEDED,NOT_APPLICABLE,ACTIVE,YES,YES,7,Page X of Y,05-it-and-infrastructure,Document Control,2.2-development,Build Manifest controlled,190986eaa61352cb746356f8316f39e655eae95c4ac61ef699de1f9e2df3eb3a,793dd285701084270ce7ac2523c7d3228c728832c573dd13a48bd619438f39d5
06-tbt-library/tbt-01-01-hazard-communication-and-ghs-v1-0-draft.docx,tbt-01-01-hazard-communication-and-ghs,,NOT_ESTABLISHED,,06-tbt-library,1.0,DRAFT,NOT_SUPERSEDED,NOT_APPLICABLE,ACTIVE,YES,YES,2,Page X of Y,TBT,Safety Department,2.2-development,Build Manifest controlled,86de1947aad950abd236a1a3ba48cbc91a1e8624a7b7c58126e5fd229056df62,de242fcda50a740db5f2accf8007cb544ee928895d27f0a6dc3577ef5371c82c
06-tbt-library/tbt-01-02-respiratory-protection-v1-0-draft.docx,tbt-01-02-respiratory-protection,,NOT_ESTABLISHED,,06-tbt-library,1.0,DRAFT,NOT_SUPERSEDED,NOT_APPLICABLE,ACTIVE,YES,YES,2,Page X of Y,TBT,Safety Department,2.2-development,Build Manifest controlled,abdada4104901854a9559165d55082fe03584eda4603c3b00a6c39e59615a24b,e78fd17e1769680e94059dfb860d62e489a91aca523a071522c93c6ac857c462
06-tbt-library/tbt-01-03-hearing-conservation-v1-0-draft.docx,tbt-01-03-hearing-conservation,,NOT_ESTABLISHED,,06-tbt-library,1.0,DRAFT,NOT_SUPERSEDED,NOT_APPLICABLE,ACTIVE,YES,YES,2,Page X of Y,TBT,Safety Department,2.2-development,Build Manifest controlled,2a11080e8dc636894a38729ed65ce9a2a201928923aaeb231d573c85dafabc23,cd230d69591d3e06c59c57ecf081643a69066a207c476bf8c463cd34b9f432f9
06-tbt-library/tbt-01-04-executing-site-emergency-drills-v1-0-draft.docx,tbt-01-04-executing-site-emergency-drills,,NOT_ESTABLISHED,,06-tbt-library,1.0,DRAFT,NOT_SUPERSEDED,NOT_APPLICABLE,ACTIVE,YES,YES,2,Page X of Y,TBT,Safety Department,2.2-development,Build Manifest controlled,104bc66e99f111a9e3511bebfb21c670f045efbb53067400610457d8e42f93fa,02cdcee01c7fcb53b4658a08148596283f5231b03a4d7ab5a40fd36c270508d9
06-tbt-library/tbt-01-05-fall-protection-and-elevated-work-v1-0-draft.docx,tbt-01-05-fall-protection-and-elevated-work,,NOT_ESTABLISHED,,06-tbt-library,1.0,DRAFT,NOT_SUPERSEDED,NOT_APPLICABLE,ACTIVE,YES,YES,2,Page X of Y,TBT,Safety Department,2.2-development,Build Manifest controlled,744f79fbd04251097a4815c2f7434d770bf121991acb01cacdac3d602ae57b08,b2a611d15d3b3c590e179be42069cfed3c548950e62c13d5344e98d7ef866968
06-tbt-library/tbt-01-06-scaffolding-safety-and-inspections-v1-0-draft.docx,tbt-01-06-scaffolding-safety-and-inspections,,NOT_ESTABLISHED,,06-tbt-library,1.0,DRAFT,NOT_SUPERSEDED,NOT_APPLICABLE,ACTIVE,YES,YES,2,Page X of Y,TBT,Safety Department,2.2-development,Build Manifest controlled,2676f9b195111b7492e2943df588b399c18cfb858e7783b22880f2c2dc171882,cdca9878e9143aa8c916411480a0eed7ee4a1030030160bc62005df5f8859487
06-tbt-library/tbt-01-07-subcontractor-site-coordination-and-stacking-v1-0-draft.docx,tbt-01-07-subcontractor-site-coordination-and-stacking,,NOT_ESTABLISHED,,06-tbt-library,1.0,DRAFT,NOT_SUPERSEDED,NOT_APPLICABLE,ACTIVE,YES,YES,2,Page X of Y,TBT,Safety Department,2.2-development,Build Manifest controlled,17cf8b989e36d16583e92071f2a2728bad67cffa5f3d7e44ff9d8fdb04cad136,f7a53b6e0220904cd4487bec7fb371cc3ed46fb5f58760941fbbd1c80a9b9d27
06-tbt-library/tbt-01-08-enforcing-subcontractor-prequalification-v1-0-draft.docx,tbt-01-08-enforcing-subcontractor-prequalification,,NOT_ESTABLISHED,,06-tbt-library,1.0,DRAFT,NOT_SUPERSEDED,NOT_APPLICABLE,ACTIVE,YES,YES,2,Page X of Y,TBT,Safety Department,2.2-development,Build Manifest controlled,e4a56e2dd87849a4f1c4b609b9e29b56a9392a1946a8f53875489daef6096a45,ec6a4f791349d38bd3c8a05a79106740ad410e58bf9b78f1fe43cb7fd0c1d061
06-tbt-library/tbt-01-09-change-order-scope-and-safety-review-v1-0-draft.docx,tbt-01-09-change-order-scope-and-safety-review,,NOT_ESTABLISHED,,06-tbt-library,1.0,DRAFT,NOT_SUPERSEDED,NOT_APPLICABLE,ACTIVE,YES,YES,2,Page X of Y,TBT,Safety Department,2.2-development,Build Manifest controlled,bca10bc83da8ae366049b3f8f0f312b6e6a7e3977f8ab604a36ddacaac0ea673,91eed0d4bc911d3bd3f502b8442bd46c32e6672c0c5df977b2a1dd93241572e7
06-tbt-library/tbt-01-10-closeout-punch-list-safety-focus-v1-0-draft.docx,tbt-01-10-closeout-punch-list-safety-focus,,NOT_ESTABLISHED,,06-tbt-library,1.0,DRAFT,NOT_SUPERSEDED,NOT_APPLICABLE,ACTIVE,YES,YES,2,Page X of Y,TBT,Safety Department,2.2-development,Build Manifest controlled,ab611ff8a77047e2cf03fa3ec5904e54ce69e4f0d606f95213f902ea83ccc548,f4c325dddcdb9cf5dc5c20fe2bacf1cc0020814e9fec7329b5f8705efa9f752b
06-tbt-library/tbt-01-11-housekeeping-and-slip-trip-fall-prevention-v1-0-draft.docx,tbt-01-11-housekeeping-and-slip-trip-fall-prevention,,NOT_ESTABLISHED,,06-tbt-library,1.0,DRAFT,NOT_SUPERSEDED,NOT_APPLICABLE,ACTIVE,YES,YES,2,Page X of Y,TBT,Safety Department,2.2-development,Build Manifest controlled,4807a1db5002edeb5194cb846abaae2e4325c45dbec71ab6cfe87a908a10dd0f,812cfe190846572ffec229d64e71e74337f32e5ec9e12476b574abceb5adef59
06-tbt-library/tbt-01-12-heat-illness-prevention-and-hydration-v1-0-draft.docx,tbt-01-12-heat-illness-prevention-and-hydration,,NOT_ESTABLISHED,,06-tbt-library,1.0,DRAFT,NOT_SUPERSEDED,NOT_APPLICABLE,ACTIVE,YES,YES,2,Page X of Y,TBT,Safety Department,2.2-development,Build Manifest controlled,3285cc9e089a9572f1d870c55f49a14b2c3ac402ea3ae191e9a3644fc3d8f0d6,0ef0db0f228ad2f6369206767fb6617687ec252c01744eb5c2d8c5b535fab02b
06-tbt-library/tbt-01-13-cold-weather-operations-and-frostbite-v1-0-draft.docx,tbt-01-13-cold-weather-operations-and-frostbite,,NOT_ESTABLISHED,,06-tbt-library,1.0,DRAFT,NOT_SUPERSEDED,NOT_APPLICABLE,ACTIVE,YES,YES,2,Page X of Y,TBT,Safety Department,2.2-development,Build Manifest controlled,a80094cdb78db6c0a703353b47878f8721350e01ed7c5623f7cd8371d7711dd5,dd53dd981973e1687cd5f67f9c3c2e4dfc3c4a80a3ce82bc9b8447af6fb8ab95
06-tbt-library/tbt-01-14-severe-weather-and-lightning-stand-down-v1-0-draft.docx,tbt-01-14-severe-weather-and-lightning-stand-down,,NOT_ESTABLISHED,,06-tbt-library,1.0,DRAFT,NOT_SUPERSEDED,NOT_APPLICABLE,ACTIVE,YES,YES,2,Page X of Y,TBT,Safety Department,2.2-development,Build Manifest controlled,17743bda02279868962ca1a39ea4e38d0a5acc3f26bcfc58a801963ead483619,e633dc76f5cb3357cbdf7419b82de137be0464a573c26f5cfc6a034ddb5e009f
06-tbt-library/tbt-01-15-mental-health-and-fatigue-awareness-v1-0-draft.docx,tbt-01-15-mental-health-and-fatigue-awareness,,NOT_ESTABLISHED,,06-tbt-library,1.0,DRAFT,NOT_SUPERSEDED,NOT_APPLICABLE,ACTIVE,YES,YES,2,Page X of Y,TBT,Safety Department,2.2-development,Build Manifest controlled,0cdbe366dfee855372fb631682eb3dbc428d348df40d622c8c80d3b02b11d9f7,7f41fa5e43affc933a16ec87b2bd9cc548dbf074cd45846b8faa4dc3a6d87e51
06-tbt-library/tbt-01-16-wind-safety-crane-limits-v1-0-draft.docx,tbt-01-16-wind-safety-crane-limits,,NOT_ESTABLISHED,,06-tbt-library,1.0,DRAFT,NOT_SUPERSEDED,NOT_APPLICABLE,ACTIVE,YES,YES,7,Page X of Y,TBT,Safety Department,2.2-development,Build Manifest controlled,b02db32ba62075a8932ea5a6d6dca09617a791b9c8aaea9b783ee599a237e8e4,4a1fc133aa1be34b418e0fa085c0e8d1406ef9dbe85d98a0f1cd245e867e02d9
06-tbt-library/tbt-01-17-fall-protection-elevated-work-v1-0-draft.docx,tbt-01-17-fall-protection-elevated-work,,NOT_ESTABLISHED,,06-tbt-library,1.0,DRAFT,NOT_SUPERSEDED,NOT_APPLICABLE,ACTIVE,YES,YES,8,Page X of Y,TBT,Safety Department,2.2-development,Build Manifest controlled,32aefe2d7a2ba5a8e59a5d5f850a8711731db01ebe343f298f42eddbe0d44d99,fca3914a41fdad5cf87887bee3bda48207f2abf2cc057deef478fa8913f7cbce
06-tbt-library/tbt-01-18-confined-space-entry-rebuilt-v1-0-draft.docx,tbt-01-18-confined-space-entry-rebuilt,,NOT_ESTABLISHED,,06-tbt-library,1.0,DRAFT,NOT_SUPERSEDED,NOT_APPLICABLE,ACTIVE,YES,YES,8,Page X of Y,TBT,Safety Department,2.2-development,Build Manifest controlled,e2d937ef634d5c3759f827c0694fe26bc58cfbd8ee143d2e71716445393ede86,c341116be2778a521fcd21afa3f31ba22fc14bc1cc4294f8cdc1ca3c768fd8a0
06-tbt-library/tbt-01-19-fall-protection-confined-spaces-v1-0-draft.docx,tbt-01-19-fall-protection-confined-spaces,,NOT_ESTABLISHED,,06-tbt-library,1.0,DRAFT,NOT_SUPERSEDED,NOT_APPLICABLE,ACTIVE,YES,YES,8,Page X of Y,TBT,Safety Department,2.2-development,Build Manifest controlled,0d53eb20d9dc857a8639d26dbd52b04505c1db87373b8e5b118f7d7023105671,894a65f1734f4e82eed3120e1af863cee71c895cb5687be0236b557975756343
06-tbt-library/tbt-02-01-demolition-and-structural-stability-v1-0-draft.docx,tbt-02-01-demolition-and-structural-stability,,NOT_ESTABLISHED,,06-tbt-library,1.0,DRAFT,NOT_SUPERSEDED,NOT_APPLICABLE,ACTIVE,YES,YES,2,Page X of Y,TBT,Safety Department,2.2-development,Build Manifest controlled,0335e04964de0e10999dbaf62301e22684f255fd54bdc90d90d6351de83aa36a,6a71268767e31cdfc7646a8700cdef9a85fbaa032719bf3dc0a51048beef6342
06-tbt-library/tbt-03-01-concrete-pouring-and-silica-exposure-v1-0-draft.docx,tbt-03-01-concrete-pouring-and-silica-exposure,,NOT_ESTABLISHED,,06-tbt-library,1.0,DRAFT,NOT_SUPERSEDED,NOT_APPLICABLE,ACTIVE,YES,YES,2,Page X of Y,TBT,Safety Department,2.2-development,Build Manifest controlled,91992804e201fe2684101bbbe8c53f4a88983006ec959720acb7df069c6169b5,7b72b81d270b6cf9f4cc75300aa7eb8d149dcc26639483051936d5b0780d75b4
06-tbt-library/tbt-03-02-pre-cast-concrete-and-tilt-up-operations-v1-0-draft.docx,tbt-03-02-pre-cast-concrete-and-tilt-up-operations,,NOT_ESTABLISHED,,06-tbt-library,1.0,DRAFT,NOT_SUPERSEDED,NOT_APPLICABLE,ACTIVE,YES,YES,2,Page X of Y,TBT,Safety Department,2.2-development,Build Manifest controlled,b738b0a69e9d5f09ea0abf09e6dd823905edf301fb73942f2ed4b2f6b97abef2,b1bcef68ca1016952c0762c4da7794e3f916fb73291046aa617932c5b5f0fa5a
06-tbt-library/tbt-03-03-concrete-pump-truck-operations-v1-0-draft.docx,tbt-03-03-concrete-pump-truck-operations,,NOT_ESTABLISHED,,06-tbt-library,1.0,DRAFT,NOT_SUPERSEDED,NOT_APPLICABLE,ACTIVE,YES,YES,2,Page X of Y,TBT,Safety Department,2.2-development,Build Manifest controlled,24e4071fc48997e4f24822a28e275605bfbb42be7c72d97e03681c66335eb1ef,f8efe18ee6feac72633e6b191308433ee09a0d3683db37cb161f292c1f31762e
06-tbt-library/tbt-03-04-concrete-formwork-and-rebar-impalement-v1-0-draft.docx,tbt-03-04-concrete-formwork-and-rebar-impalement,,NOT_ESTABLISHED,,06-tbt-library,1.0,DRAFT,NOT_SUPERSEDED,NOT_APPLICABLE,ACTIVE,YES,YES,2,Page X of Y,TBT,Safety Department,2.2-development,Build Manifest controlled,c1cb61ad515ee3c8d7888a1d82fae09c7d3e22b78fcf7d8a92ebcca52f127554,ec65b2e9f0f2a55b2b24a9ecfa6983ddab4171e2cba03dfd8c846b682692cf6c
06-tbt-library/tbt-04-01-masonry-wall-bracing-and-scaffolding-v1-0-draft.docx,tbt-04-01-masonry-wall-bracing-and-scaffolding,,NOT_ESTABLISHED,,06-tbt-library,1.0,DRAFT,NOT_SUPERSEDED,NOT_APPLICABLE,ACTIVE,YES,YES,2,Page X of Y,TBT,Safety Department,2.2-development,Build Manifest controlled,4266a4e8d82e4a20a2569f5621b4c60048d7320d95277e15048e6a444c1e2f50,9179f86c0c3abc702d30200bb21c6d82176b4b0be000edfd2452d3516f2562f2
06-tbt-library/tbt-04-02-masonry-saw-operations-and-kickback-v1-0-draft.docx,tbt-04-02-masonry-saw-operations-and-kickback,,NOT_ESTABLISHED,,06-tbt-library,1.0,DRAFT,NOT_SUPERSEDED,NOT_APPLICABLE,ACTIVE,YES,YES,2,Page X of Y,TBT,Safety Department,2.2-development,Build Manifest controlled,cc42ff4840c1e8dd165bdc68e8068854d5090c6a42e8908a8aca386f88a6efad,558ce7a23c74214d07f944f1089cfbae600e8373bdba9ee617111305a5d675a1
06-tbt-library/tbt-05-01-steel-erection-and-decking-safety-v1-0-draft.docx,tbt-05-01-steel-erection-and-decking-safety,,NOT_ESTABLISHED,,06-tbt-library,1.0,DRAFT,NOT_SUPERSEDED,NOT_APPLICABLE,ACTIVE,YES,YES,2,Page X of Y,TBT,Safety Department,2.2-development,Build Manifest controlled,133e137e92414634149cdbd8139f97098b30e11a6e0ab6427e3acfc6acda388f,483cf97df86afc8a8b07544b2c6dbfdc9bcd8b50ea76809f4987594b002e7a0d
06-tbt-library/tbt-05-02-hot-work-and-welding-fire-watch-v1-0-draft.docx,tbt-05-02-hot-work-and-welding-fire-watch,,NOT_ESTABLISHED,,06-tbt-library,1.0,DRAFT,NOT_SUPERSEDED,NOT_APPLICABLE,ACTIVE,YES,YES,2,Page X of Y,TBT,Safety Department,2.2-development,Build Manifest controlled,bbef6b983b890af731e8459d5bebe9adb9a68cc4915c578bb5e90ce02a9e4340,ef32a61f01dbf4a34c2502735235b910187a2aae1c79c31c77094446db16fc78
06-tbt-library/tbt-05-03-structural-steel-bolting-and-torquing-v1-0-draft.docx,tbt-05-03-structural-steel-bolting-and-torquing,,NOT_ESTABLISHED,,06-tbt-library,1.0,DRAFT,NOT_SUPERSEDED,NOT_APPLICABLE,ACTIVE,YES,YES,2,Page X of Y,TBT,Safety Department,2.2-development,Build Manifest controlled,4cb415bc98088ca9533b4a159e9b6dcb9e879dda7a8c8dc0bbfbef139326a7b7,8844bb099d917d27cea04bed192879b3bf343a7bd4f76659f90c9b0c8139f976
06-tbt-library/tbt-05-04-metal-decking-and-controlled-access-zones-v1-0-draft.docx,tbt-05-04-metal-decking-and-controlled-access-zones,,NOT_ESTABLISHED,,06-tbt-library,1.0,DRAFT,NOT_SUPERSEDED,NOT_APPLICABLE,ACTIVE,YES,YES,2,Page X of Y,TBT,Safety Department,2.2-development,Build Manifest controlled,c9d86572d0f97337331b499189479433413b1c28a76529a0c8e20dd9370cad1a,7f3fcff5841fbbd2e5197c1f347996584f5351413eedfbe80acae279c830e79a
06-tbt-library/tbt-06-01-rough-carpentry-and-pneumatic-tools-v1-0-draft.docx,tbt-06-01-rough-carpentry-and-pneumatic-tools,,NOT_ESTABLISHED,,06-tbt-library,1.0,DRAFT,NOT_SUPERSEDED,NOT_APPLICABLE,ACTIVE,YES,YES,2,Page X of Y,TBT,Safety Department,2.2-development,Build Manifest controlled,6f4cee4684b17b35e0b619af4f10a27038e23a8080f0642fcf03987dd00fd2d1,3bb3f8dddd1b5b7421be011c20fa9b40460b8027faef32d433c9cf070f2e8443
06-tbt-library/tbt-06-02-wood-truss-installation-and-bracing-v1-0-draft.docx,tbt-06-02-wood-truss-installation-and-bracing,,NOT_ESTABLISHED,,06-tbt-library,1.0,DRAFT,NOT_SUPERSEDED,NOT_APPLICABLE,ACTIVE,YES,YES,2,Page X of Y,TBT,Safety Department,2.2-development,Build Manifest controlled,4d86fddc5261e5ee50bfdfe10d6f2d46039efb0f2a5ab38437027064aebc752f,f0367f9c46077763f705ba6524143ec9657bb91f9de7fc5c2a07542f2932f06a
06-tbt-library/tbt-07-01-leading-edge-work-and-barricades-v1-0-draft.docx,tbt-07-01-leading-edge-work-and-barricades,,NOT_ESTABLISHED,,06-tbt-library,1.0,DRAFT,NOT_SUPERSEDED,NOT_APPLICABLE,ACTIVE,YES,YES,2,Page X of Y,TBT,Safety Department,2.2-development,Build Manifest controlled,6d4f207dc18dd5dbd2f058fa8ddb9dc0107852617e01cceafb779147346aeab0,e30628e582f465ce6d673bc64ced60de2179b38a257cd09cd3dce9fd85ecf4cf
06-tbt-library/tbt-07-02-roofing-hot-asphalt-and-kettle-safety-v1-0-draft.docx,tbt-07-02-roofing-hot-asphalt-and-kettle-safety,,NOT_ESTABLISHED,,06-tbt-library,1.0,DRAFT,NOT_SUPERSEDED,NOT_APPLICABLE,ACTIVE,YES,YES,2,Page X of Y,TBT,Safety Department,2.2-development,Build Manifest controlled,44b87911eb95a4617257ddfb122a84673264b78be6f8d4da18827720b1398985,a492d4fcda492c4271a574e5f50c4e837c036823d01fb2d3f2fd8607ba49c29a
06-tbt-library/tbt-07-03-waterproofing-solvents-and-confined-vapors-v1-0-draft.docx,tbt-07-03-waterproofing-solvents-and-confined-vapors,,NOT_ESTABLISHED,,06-tbt-library,1.0,DRAFT,NOT_SUPERSEDED,NOT_APPLICABLE,ACTIVE,YES,YES,2,Page X of Y,TBT,Safety Department,2.2-development,Build Manifest controlled,f57a7880dfc7594b814917979b50199beed3954029bede088a68788ac14572c3,d88643fda600da14aa52bc66bb8e7575d2585a16a8bb7b1e1efbaca5401198a7
06-tbt-library/tbt-08-01-ladder-safety-and-three-point-contact-v1-0-draft.docx,tbt-08-01-ladder-safety-and-three-point-contact,,NOT_ESTABLISHED,,06-tbt-library,1.0,DRAFT,NOT_SUPERSEDED,NOT_APPLICABLE,ACTIVE,YES,YES,2,Page X of Y,TBT,Safety Department,2.2-development,Build Manifest controlled,ed5a5c4f0099768d92436ff955655ec1df84111decfff64f30057bb4602c90bd,d485d67100f4c17e59ee58a8d03e2e2524852b621d6c282e11472c75e5d17e16
06-tbt-library/tbt-08-02-heavy-door-and-frame-installation-v1-0-draft.docx,tbt-08-02-heavy-door-and-frame-installation,,NOT_ESTABLISHED,,06-tbt-library,1.0,DRAFT,NOT_SUPERSEDED,NOT_APPLICABLE,ACTIVE,YES,YES,2,Page X of Y,TBT,Safety Department,2.2-development,Build Manifest controlled,496fc75fc04426e10c14ee7bab49352f701e5c0efa6c3e85e0728dde82216cf3,bbbcd8d363f52efbf2d477efe9ab7b50e3e81bb3d08edde179ae0518b61d5553
06-tbt-library/tbt-09-01-powder-actuated-tools-ramset-v1-0-draft.docx,tbt-09-01-powder-actuated-tools-ramset,,NOT_ESTABLISHED,,06-tbt-library,1.0,DRAFT,NOT_SUPERSEDED,NOT_APPLICABLE,ACTIVE,YES,YES,2,Page X of Y,TBT,Safety Department,2.2-development,Build Manifest controlled,7901a093c618c7815d33c23a0a0645f71dfa8221d23437efce68520ec9e66b3e,a7fb46818ac71b3296fa4b454e5700da8ea722535a5e28adcb2fee6d0ceb3b11
06-tbt-library/tbt-09-02-drywall-dust-and-stilts-safety-v1-0-draft.docx,tbt-09-02-drywall-dust-and-stilts-safety,,NOT_ESTABLISHED,,06-tbt-library,1.0,DRAFT,NOT_SUPERSEDED,NOT_APPLICABLE,ACTIVE,YES,YES,2,Page X of Y,TBT,Safety Department,2.2-development,Build Manifest controlled,50516c0fac94532f407e07dc994e63e7f50309c25444704957cd0fd35525890b,f141b6918ac3591b8bd7e07d99c817ef78ebe781e9841d6ddc1bf93ff2977170
06-tbt-library/tbt-09-03-painting-scaffolds-and-chemical-storage-v1-0-draft.docx,tbt-09-03-painting-scaffolds-and-chemical-storage,,NOT_ESTABLISHED,,06-tbt-library,1.0,DRAFT,NOT_SUPERSEDED,NOT_APPLICABLE,ACTIVE,YES,YES,2,Page X of Y,TBT,Safety Department,2.2-development,Build Manifest controlled,89319a2b717b896ab050ca394488127bb3b1013253050d71efcd14c6c2ea23e4,2e03a3c2cc8f2953021b8a9ca3a732010c485664d70b88880f0f8d1ef6a420b6
06-tbt-library/tbt-10-01-installation-of-heavy-specialties-lockers-partitions-v1-0-draft.docx,tbt-10-01-installation-of-heavy-specialties-lockers-partitions,,NOT_ESTABLISHED,,06-tbt-library,1.0,DRAFT,NOT_SUPERSEDED,NOT_APPLICABLE,ACTIVE,YES,YES,2,Page X of Y,TBT,Safety Department,2.2-development,Build Manifest controlled,7900700c05f2fe43e3103cc1203b5b8d60fadfbf491eb9a62d5db34d76d4f461,32fd6728a9593fd3a41965b2835856e9a6d06be3748e5b8ab7b1f512b3547fc8
06-tbt-library/tbt-10-02-signage-and-wayfinding-installation-heights-v1-0-draft.docx,tbt-10-02-signage-and-wayfinding-installation-heights,,NOT_ESTABLISHED,,06-tbt-library,1.0,DRAFT,NOT_SUPERSEDED,NOT_APPLICABLE,ACTIVE,YES,YES,2,Page X of Y,TBT,Safety Department,2.2-development,Build Manifest controlled,4a1fb685c6ee7322b53597b728a098b928ff9477f236180179131605ea56d1df,0269124efd5eb6f7eb15386648fbad9924733adb9b9f7ed7bcbaed43dd5c162c
06-tbt-library/tbt-11-01-ariel-lifts-mewp-and-fall-restraint-v1-0-draft.docx,tbt-11-01-ariel-lifts-mewp-and-fall-restraint,,NOT_ESTABLISHED,,06-tbt-library,1.0,DRAFT,NOT_SUPERSEDED,NOT_APPLICABLE,ACTIVE,YES,YES,2,Page X of Y,TBT,Safety Department,2.2-development,Build Manifest controlled,9bcffc79624c745ca18f6f83fff4124341028549a8b6fa6041798afe61d8f776,1ae2b30d0a7cbbb96305411cb951c5f4bdff1a013cdb3774f58aeea7b5456353
06-tbt-library/tbt-11-02-equipment-mobilization-and-site-setup-v1-0-draft.docx,tbt-11-02-equipment-mobilization-and-site-setup,,NOT_ESTABLISHED,,06-tbt-library,1.0,DRAFT,NOT_SUPERSEDED,NOT_APPLICABLE,ACTIVE,YES,YES,2,Page X of Y,TBT,Safety Department,2.2-development,Build Manifest controlled,b33d3a29f6522edd9a8add8e10b63dec2f364a488884b9618a8322afccb74862,78e6809e9c55ac58283d620e52f70b38b96055ebdfe72717bbf5b1eb04a5d703
06-tbt-library/tbt-11-03-heavy-equipment-blind-spots-v1-0-draft.docx,tbt-11-03-heavy-equipment-blind-spots,,NOT_ESTABLISHED,,06-tbt-library,1.0,DRAFT,NOT_SUPERSEDED,NOT_APPLICABLE,ACTIVE,YES,YES,2,Page X of Y,TBT,Safety Department,2.2-development,Build Manifest controlled,8200007a66783c807b5a0fdf2066b5dd1d6bd60a66ca99d26f181fca120adea0,176e2ae24697a5ce4211830dc3a1c7167efc2be6cb85ff62d0ddda0ec5e7826b
06-tbt-library/tbt-11-04-warehouse-forklift-operations-v1-0-draft.docx,tbt-11-04-warehouse-forklift-operations,,NOT_ESTABLISHED,,06-tbt-library,1.0,DRAFT,NOT_SUPERSEDED,NOT_APPLICABLE,ACTIVE,YES,YES,2,Page X of Y,TBT,Safety Department,2.2-development,Build Manifest controlled,73bee662859fe2181c4366c7923c7453d6d142ed40fb6d09210e07f82227f43f,273b38a2207654c1fdfb039c1353f90d622913cc34e2f9ebd8209874028b606c
06-tbt-library/tbt-11-05-manual-material-handling-and-ergonomics-v1-0-draft.docx,tbt-11-05-manual-material-handling-and-ergonomics,,NOT_ESTABLISHED,,06-tbt-library,1.0,DRAFT,NOT_SUPERSEDED,NOT_APPLICABLE,ACTIVE,YES,YES,2,Page X of Y,TBT,Safety Department,2.2-development,Build Manifest controlled,a2cd6e8474b4f43772e7dc5cd0c2442f4eca17001e527cf87796c02e6b848921,01b2739cde855f96114ce802f2a2be20c92c404dc21700991668f3320b0eec2d
06-tbt-library/tbt-11-06-commercial-kitchen-equipment-rigging-v1-0-draft.docx,tbt-11-06-commercial-kitchen-equipment-rigging,,NOT_ESTABLISHED,,06-tbt-library,1.0,DRAFT,NOT_SUPERSEDED,NOT_APPLICABLE,ACTIVE,YES,YES,2,Page X of Y,TBT,Safety Department,2.2-development,Build Manifest controlled,722d178d363c6ad1e0f721cc8351a1d6bc81e328b5444890c4fa233384ced5b2,3031f1b5d36c389d473148c5cfb23c5fcdffe3753e426b396f54562ada77e5e7
06-tbt-library/tbt-12-01-casework-and-cabinetry-installation-v1-0-draft.docx,tbt-12-01-casework-and-cabinetry-installation,,NOT_ESTABLISHED,,06-tbt-library,1.0,DRAFT,NOT_SUPERSEDED,NOT_APPLICABLE,ACTIVE,YES,YES,2,Page X of Y,TBT,Safety Department,2.2-development,Build Manifest controlled,bd92ccaf6bf656847570a047d71b181cd487cab2af5f492bfef8f827d0b80fa3,a42e00cdbb279abdc6224252f99e53ce94992e93f5032985253d8a32ac69e9ef
06-tbt-library/tbt-13-01-pre-engineered-metal-buildings-pemb-v1-0-draft.docx,tbt-13-01-pre-engineered-metal-buildings-pemb,,NOT_ESTABLISHED,,06-tbt-library,1.0,DRAFT,NOT_SUPERSEDED,NOT_APPLICABLE,ACTIVE,YES,YES,2,Page X of Y,TBT,Safety Department,2.2-development,Build Manifest controlled,a10783922a6e2a1605c80b45e84a00f241ea7a1d219252052c9bf5e9c0a7b8d9,8717bdaca6b4b8bf730ec1c1a810c1a8ceb6d1b2b5bd94e6babc5605eb80f11f
06-tbt-library/tbt-14-01-crane-operations-and-critical-lifts-v1-0-draft.docx,tbt-14-01-crane-operations-and-critical-lifts,,NOT_ESTABLISHED,,06-tbt-library,1.0,DRAFT,NOT_SUPERSEDED,NOT_APPLICABLE,ACTIVE,YES,YES,2,Page X of Y,TBT,Safety Department,2.2-development,Build Manifest controlled,89d7f92309e88f58adca15109cbc73db4e7a373db997fce8433e22741dc85f69,c0b72f5c5136d68acfe14be22bdb76fb8faea7c9eb8c38a0d5a55bde17380ecd
06-tbt-library/tbt-14-02-elevator-shaft-fall-protection-v1-0-draft.docx,tbt-14-02-elevator-shaft-fall-protection,,NOT_ESTABLISHED,,06-tbt-library,1.0,DRAFT,NOT_SUPERSEDED,NOT_APPLICABLE,ACTIVE,YES,YES,2,Page X of Y,TBT,Safety Department,2.2-development,Build Manifest controlled,ffc54ac08a167f9d13730fef92182eb1869fd22dd9f88132693260e8a8020fac,b7dd1ecee54ddb9b4769acef3388f632fea904c68effa6ff6ee32932bb8a5e99
06-tbt-library/tbt-21-01-sprinkler-pipe-fitting-and-overhead-work-v1-0-draft.docx,tbt-21-01-sprinkler-pipe-fitting-and-overhead-work,,NOT_ESTABLISHED,,06-tbt-library,1.0,DRAFT,NOT_SUPERSEDED,NOT_APPLICABLE,ACTIVE,YES,YES,2,Page X of Y,TBT,Safety Department,2.2-development,Build Manifest controlled,e70a366e99e02ef5d58f2b292cbbe2de8ceb55026e239e5d858e85febe316e1d,fb96a31803dcf6dfe3a6d44c845d9ec67efe9a26e12ed7060577a8c42888472a
06-tbt-library/tbt-21-02-fire-pump-installation-and-hydrostatic-testing-v1-0-draft.docx,tbt-21-02-fire-pump-installation-and-hydrostatic-testing,,NOT_ESTABLISHED,,06-tbt-library,1.0,DRAFT,NOT_SUPERSEDED,NOT_APPLICABLE,ACTIVE,YES,YES,2,Page X of Y,TBT,Safety Department,2.2-development,Build Manifest controlled,e3ce3fefab253ce4e18e24c84eea6ba59e478cf0cb299aa52870e1967864c1b0,9071429419eb91b36253124cb32ffe3549129460152e02d13a682058e4cbcf4e
06-tbt-library/tbt-22-01-confined-space-entry-v1-0-draft.docx,tbt-22-01-confined-space-entry,,NOT_ESTABLISHED,,06-tbt-library,1.0,DRAFT,NOT_SUPERSEDED,NOT_APPLICABLE,ACTIVE,YES,YES,2,Page X of Y,TBT,Safety Department,2.2-development,Build Manifest controlled,88e7409cb29aa0ed4df54044a30381d216efd43a1c30d98aaa14235efee6b92c,f48c3653dc5c27f55556579f04686841aaa53b2716795b100914fec0b5d91b13
06-tbt-library/tbt-22-02-pipe-testing-and-pressurization-v1-0-draft.docx,tbt-22-02-pipe-testing-and-pressurization,,NOT_ESTABLISHED,,06-tbt-library,1.0,DRAFT,NOT_SUPERSEDED,NOT_APPLICABLE,ACTIVE,YES,YES,2,Page X of Y,TBT,Safety Department,2.2-development,Build Manifest controlled,2aec75882f47a058cf936a1f07140889f45402eacb23308a541392f74ffbaeef,f934b32f2081044879030b01d83f7e2f324d46a3b47791f153343268e45b23dd
06-tbt-library/tbt-22-03-soldering-and-brazing-fire-watch-v1-0-draft.docx,tbt-22-03-soldering-and-brazing-fire-watch,,NOT_ESTABLISHED,,06-tbt-library,1.0,DRAFT,NOT_SUPERSEDED,NOT_APPLICABLE,ACTIVE,YES,YES,2,Page X of Y,TBT,Safety Department,2.2-development,Build Manifest controlled,1504da8e7ca0ea7e96f3fe35c9f3d31978c7732ea5ec74b09568dc830e979253,167c16abec197780a7320702a28bb0c8e7e8c20f4e35865da2420251a2639ba7
06-tbt-library/tbt-22-04-cast-iron-pipe-cutting-and-snapping-v1-0-draft.docx,tbt-22-04-cast-iron-pipe-cutting-and-snapping,,NOT_ESTABLISHED,,06-tbt-library,1.0,DRAFT,NOT_SUPERSEDED,NOT_APPLICABLE,ACTIVE,YES,YES,2,Page X of Y,TBT,Safety Department,2.2-development,Build Manifest controlled,89de445480fa4cca1164e199b25cfed5b8bda222620ddcb048e59497ca40007b,67dd2961e2c23fac046b1a1efae260add86874fbe046ce6dbd2c2b36c07fcf40
06-tbt-library/tbt-23-01-hvac-rigging-and-roof-installations-v1-0-draft.docx,tbt-23-01-hvac-rigging-and-roof-installations,,NOT_ESTABLISHED,,06-tbt-library,1.0,DRAFT,NOT_SUPERSEDED,NOT_APPLICABLE,ACTIVE,YES,YES,2,Page X of Y,TBT,Safety Department,2.2-development,Build Manifest controlled,aab3a20215a1bec8b64c0fdad92ada65eb8729303a3891e7ecc2f72067899ced,4a1d4f6b4b75765f7cd08cca8734909a6a5bcbbe912b2b84a22c9c1685de4329
06-tbt-library/tbt-23-02-ductwork-hoisting-and-overhead-assembly-v1-0-draft.docx,tbt-23-02-ductwork-hoisting-and-overhead-assembly,,NOT_ESTABLISHED,,06-tbt-library,1.0,DRAFT,NOT_SUPERSEDED,NOT_APPLICABLE,ACTIVE,YES,YES,2,Page X of Y,TBT,Safety Department,2.2-development,Build Manifest controlled,3a6ad24b4f408c2ce14886cef8024cfd3c51bed04d58318c095b8c9a9fad723e,7847a274444bff2f8077907b2377d46dd0e344906fc7f20e766ecf613a96f471
06-tbt-library/tbt-23-03-refrigerant-handling-and-brazing-v1-0-draft.docx,tbt-23-03-refrigerant-handling-and-brazing,,NOT_ESTABLISHED,,06-tbt-library,1.0,DRAFT,NOT_SUPERSEDED,NOT_APPLICABLE,ACTIVE,YES,YES,2,Page X of Y,TBT,Safety Department,2.2-development,Build Manifest controlled,d2703d94ed7a1a5f763b3edd0540d0c34f0fe908450e610e848a44da3b20ec9f,53379ce15ec2d2f42aa0c71ef8ba0aec9229ad76c556224993a8da0a1d379092
06-tbt-library/tbt-25-01-control-panel-installation-and-low-voltage-v1-0-draft.docx,tbt-25-01-control-panel-installation-and-low-voltage,,NOT_ESTABLISHED,,06-tbt-library,1.0,DRAFT,NOT_SUPERSEDED,NOT_APPLICABLE,ACTIVE,YES,YES,2,Page X of Y,TBT,Safety Department,2.2-development,Build Manifest controlled,4e185bee9c8b325f89a478adf9554cca8fc7ea7f7e5f89758e0daf9912bf97f3,452d9865619c4d09a23011d7e3903be787c3f7deccc83b492abde26180f1c343
06-tbt-library/tbt-26-01-electrical-safety-and-loto-v1-0-draft.docx,tbt-26-01-electrical-safety-and-loto,,NOT_ESTABLISHED,,06-tbt-library,1.0,DRAFT,NOT_SUPERSEDED,NOT_APPLICABLE,ACTIVE,YES,YES,2,Page X of Y,TBT,Safety Department,2.2-development,Build Manifest controlled,d8be03245cfa6b4ebaa203a20eb825fa7a69780997548df8db54b5861aa6929c,80fc3e486eef767aaf8b3e6d9da18a9112092f4fd8f1d04db9d48c3301bed951
06-tbt-library/tbt-26-02-arc-flash-and-energized-work-v1-0-draft.docx,tbt-26-02-arc-flash-and-energized-work,,NOT_ESTABLISHED,,06-tbt-library,1.0,DRAFT,NOT_SUPERSEDED,NOT_APPLICABLE,ACTIVE,YES,YES,2,Page X of Y,TBT,Safety Department,2.2-development,Build Manifest controlled,704b06c63d3747c93d456b00d1fba3e3e4dde5f2f6a2c85089d8b65b1dbebec6,0a7fc6237e48aef0c42a149585a530d6ac86bf5828255b104a9b58340371c025
06-tbt-library/tbt-26-03-temporary-lighting-and-gfci-protection-v1-0-draft.docx,tbt-26-03-temporary-lighting-and-gfci-protection,,NOT_ESTABLISHED,,06-tbt-library,1.0,DRAFT,NOT_SUPERSEDED,NOT_APPLICABLE,ACTIVE,YES,YES,2,Page X of Y,TBT,Safety Department,2.2-development,Build Manifest controlled,343e029f2fbba78423195cc417da692aa14225ef8ec63996464ff020d29502a3,29d7cecdf541606b7d5de630efbde9baa23646b970932117885a70c29dd373a7
06-tbt-library/tbt-26-04-underground-conduit-and-duct-banks-v1-0-draft.docx,tbt-26-04-underground-conduit-and-duct-banks,,NOT_ESTABLISHED,,06-tbt-library,1.0,DRAFT,NOT_SUPERSEDED,NOT_APPLICABLE,ACTIVE,YES,YES,2,Page X of Y,TBT,Safety Department,2.2-development,Build Manifest controlled,cc8bfda954f60c0b4a71b9ab513d51a3899555a346910efe728bfe54f23c4e76,f66dc1b891251dfcb4317b3866dd76363fda07f5c53a7888cde6352ef44e90e1
06-tbt-library/tbt-26-05-switchgear-installation-and-phasing-v1-0-draft.docx,tbt-26-05-switchgear-installation-and-phasing,,NOT_ESTABLISHED,,06-tbt-library,1.0,DRAFT,NOT_SUPERSEDED,NOT_APPLICABLE,ACTIVE,YES,YES,2,Page X of Y,TBT,Safety Department,2.2-development,Build Manifest controlled,fd1c58911ac0dfaf72f82ad52372520c16864b5cb741260d1dea52eeaf70e24c,63720c62a23a7e409af24b2b4ab30b0bc5dd7e538621709fc1868734ccc87b34
06-tbt-library/tbt-27-01-cable-tray-and-data-line-pulling-v1-0-draft.docx,tbt-27-01-cable-tray-and-data-line-pulling,,NOT_ESTABLISHED,,06-tbt-library,1.0,DRAFT,NOT_SUPERSEDED,NOT_APPLICABLE,ACTIVE,YES,YES,2,Page X of Y,TBT,Safety Department,2.2-development,Build Manifest controlled,0b099e8b1af5d693c62b82d0f52d5bbbfe5e03086d7d1b86f9a7c22877e3a40f,b70e0055d96b41e8ec5a6f9622aeff93095637e4cad91e7f5d402148afaa1b36
06-tbt-library/tbt-28-01-fire-alarm-and-security-system-rough-in-v1-0-draft.docx,tbt-28-01-fire-alarm-and-security-system-rough-in,,NOT_ESTABLISHED,,06-tbt-library,1.0,DRAFT,NOT_SUPERSEDED,NOT_APPLICABLE,ACTIVE,YES,YES,2,Page X of Y,TBT,Safety Department,2.2-development,Build Manifest controlled,f13b9586f6ae1e331746b4d9b279681da287383c3f37b48365f89c284a689bd2,440cab76e1dfce3a3953a06b0ba2fd0708ae904d7e15532d173e1ad630e509b7
06-tbt-library/tbt-28-02-access-control-and-mag-lock-wiring-v1-0-draft.docx,tbt-28-02-access-control-and-mag-lock-wiring,,NOT_ESTABLISHED,,06-tbt-library,1.0,DRAFT,NOT_SUPERSEDED,NOT_APPLICABLE,ACTIVE,YES,YES,2,Page X of Y,TBT,Safety Department,2.2-development,Build Manifest controlled,3a408903c704f0ec5624b9cab97cc6fa46098fcd1015183db522998d17e36092,2b1e352965bee4013e7f9068edae40eac8a1d6e262c1cbd3aabfff90561216c7
06-tbt-library/tbt-31-01-trenching-and-excavation-v1-0-draft.docx,tbt-31-01-trenching-and-excavation,,NOT_ESTABLISHED,,06-tbt-library,1.0,DRAFT,NOT_SUPERSEDED,NOT_APPLICABLE,ACTIVE,YES,YES,2,Page X of Y,TBT,Safety Department,2.2-development,Build Manifest controlled,b405ad8dc17d0f7a5224aa43d7821d5216f335111c54cadb5ea4cf00533cd385,bd2f0264f531c31ab9c210b93427b2050f79e1331841b31ac36db0b8a01202a9
06-tbt-library/tbt-31-02-underground-utility-strikes-and-locates-v1-0-draft.docx,tbt-31-02-underground-utility-strikes-and-locates,,NOT_ESTABLISHED,,06-tbt-library,1.0,DRAFT,NOT_SUPERSEDED,NOT_APPLICABLE,ACTIVE,YES,YES,2,Page X of Y,TBT,Safety Department,2.2-development,Build Manifest controlled,5229715d20a0de31945d94a681bceda12cf8fde945c558fdd86f94ef75781af5,552c80d1ab088624ac2e6230011989e95731ada37b002921acd1a807b5865ed2
06-tbt-library/tbt-31-03-rigging-and-hoisting-with-excavators-v1-0-draft.docx,tbt-31-03-rigging-and-hoisting-with-excavators,,NOT_ESTABLISHED,,06-tbt-library,1.0,DRAFT,NOT_SUPERSEDED,NOT_APPLICABLE,ACTIVE,YES,YES,2,Page X of Y,TBT,Safety Department,2.2-development,Build Manifest controlled,22044db6b25066c46cd28b8c19c2504056d593d3af1a9fb57a423fa889e3b020,dc1f5dbe01b4e9ad058debaa77aed86e66c060e9c6d31cae177957ab9e86c6c6
06-tbt-library/tbt-31-04-traffic-control-and-flagger-safety-v1-0-draft.docx,tbt-31-04-traffic-control-and-flagger-safety,,NOT_ESTABLISHED,,06-tbt-library,1.0,DRAFT,NOT_SUPERSEDED,NOT_APPLICABLE,ACTIVE,YES,YES,2,Page X of Y,TBT,Safety Department,2.2-development,Build Manifest controlled,495aa48b465f5ccddf45539eafe66a3886093df92e6fa83df2ff2a71f0d3a801,1056bb0ad90461904240bb7b42bbf01687e3e8a866bf008cf632a8f467995ca4
06-tbt-library/tbt-31-05-dewatering-and-pump-operations-v1-0-draft.docx,tbt-31-05-dewatering-and-pump-operations,,NOT_ESTABLISHED,,06-tbt-library,1.0,DRAFT,NOT_SUPERSEDED,NOT_APPLICABLE,ACTIVE,YES,YES,2,Page X of Y,TBT,Safety Department,2.2-development,Build Manifest controlled,40edadcdffe846af5a4ae238a8a1f3b09dca6bfa18c7c88f364bc29898693396,9f2f21556bc01401a6d10933487695faff1350be794342cabe1db9a2cca68ce1
06-tbt-library/tbt-31-06-heavy-equipment-loading-and-tie-down-v1-0-draft.docx,tbt-31-06-heavy-equipment-loading-and-tie-down,,NOT_ESTABLISHED,,06-tbt-library,1.0,DRAFT,NOT_SUPERSEDED,NOT_APPLICABLE,ACTIVE,YES,YES,2,Page X of Y,TBT,Safety Department,2.2-development,Build Manifest controlled,5898b57129be11539deba7d64ad1b106482cb0003310d31c1a2e22ce820b2e64,7f7982c727673ecc0cb90ff1a0965f642b8e301b07b59020c917d5448e692ba1
06-tbt-library/tbt-31-07-soil-compaction-and-roller-safety-v1-0-draft.docx,tbt-31-07-soil-compaction-and-roller-safety,,NOT_ESTABLISHED,,06-tbt-library,1.0,DRAFT,NOT_SUPERSEDED,NOT_APPLICABLE,ACTIVE,YES,YES,2,Page X of Y,TBT,Safety Department,2.2-development,Build Manifest controlled,9ee55188dd706d0c3953cb254288902304edbbe1d86675f81ac2829aed86ac1c,fbcb624c98b915cd2b3d4781db762b8b8b912a8b98f59b4bf410c2a46c1708cd
06-tbt-library/tbt-31-08-contaminated-soil-and-groundwater-v1-0-draft.docx,tbt-31-08-contaminated-soil-and-groundwater,,NOT_ESTABLISHED,,06-tbt-library,1.0,DRAFT,NOT_SUPERSEDED,NOT_APPLICABLE,ACTIVE,YES,YES,2,Page X of Y,TBT,Safety Department,2.2-development,Build Manifest controlled,e59cd9bb1a71f7b17b405873bdea5b1c1c2c4c955a4dfac1d3003abecbd02cce,90bad05084acac3a6d0216b5e97cedb6ca1ea37ce5500b430349c0fe4bdd3979
06-tbt-library/tbt-32-01-paving-asphalt-and-flatwork-v1-0-draft.docx,tbt-32-01-paving-asphalt-and-flatwork,,NOT_ESTABLISHED,,06-tbt-library,1.0,DRAFT,NOT_SUPERSEDED,NOT_APPLICABLE,ACTIVE,YES,YES,2,Page X of Y,TBT,Safety Department,2.2-development,Build Manifest controlled,18e340e13a4325bb40c505c3383193849fed08db940b1c2e1862b27c37d4d635,76e41da57aa755302413e7d421051f103a307b603c35fef0c80fdb273b916410
06-tbt-library/tbt-32-02-landscaping-equipment-and-chipper-safety-v1-0-draft.docx,tbt-32-02-landscaping-equipment-and-chipper-safety,,NOT_ESTABLISHED,,06-tbt-library,1.0,DRAFT,NOT_SUPERSEDED,NOT_APPLICABLE,ACTIVE,YES,YES,2,Page X of Y,TBT,Safety Department,2.2-development,Build Manifest controlled,dfc45780e76039199cedaf701b376c911b7f6cbda3529f3186e35eb30590cd1c,ea35cb0c3912d83595215f28a482f34cfe5117df446c7380be0c83cf1ed0e7ca
06-tbt-library/tbt-33-01-deep-sewer-and-water-main-trenching-v1-0-draft.docx,tbt-33-01-deep-sewer-and-water-main-trenching,,NOT_ESTABLISHED,,06-tbt-library,1.0,DRAFT,NOT_SUPERSEDED,NOT_APPLICABLE,ACTIVE,YES,YES,2,Page X of Y,TBT,Safety Department,2.2-development,Build Manifest controlled,13979b09d8ae861baa4c50d1357951b41f151d81831bb3ca901f8728ac8dcb45,6cf7a480ab4a4e5756eb38196c43549155814503a9b06e704cf8ecd72e6fbb2d
06-tbt-library/tbt-33-02-manhole-installation-and-confined-space-v1-0-draft.docx,tbt-33-02-manhole-installation-and-confined-space,,NOT_ESTABLISHED,,06-tbt-library,1.0,DRAFT,NOT_SUPERSEDED,NOT_APPLICABLE,ACTIVE,YES,YES,2,Page X of Y,TBT,Safety Department,2.2-development,Build Manifest controlled,d368a3ffa1ac2b59c06431152614adee5d1b0e17e4b319e7566e23a430bf33d8,7b14440272636cb87005af0c91ff85b721f4e759cb63ff62d6b6bc27823be554
06-tbt-library/tbt-source-001-fall-causes-v3-0-draft.docx,tbt-source-001-fall-causes,,MANAGEMENT_REVIEW,,06-tbt-library,3.0,DRAFT,NOT_SUPERSEDED,NOT_APPLICABLE,ACTIVE,YES,YES,2,Page X of Y,TBT,Safety Department,2.2-development,Build Manifest controlled,f71a02d89ee4ece61af504b58d8907c3947cc9859c17054b412c1ba93ad21247,4a242bda6a0bdf2254156adfc4e16ed5a6c7534c1182fb13067c969073787231
06-tbt-library/tbt-source-002-slips-and-trips-v3-0-draft.docx,tbt-source-002-slips-and-trips,,MANAGEMENT_REVIEW,,06-tbt-library,3.0,DRAFT,NOT_SUPERSEDED,NOT_APPLICABLE,ACTIVE,YES,YES,2,Page X of Y,TBT,Safety Department,2.2-development,Build Manifest controlled,2540dc927ca8d40277314a33294806b2f9daaaa8a56dd7dd3826f67a94bc7913,95449072e2dfef0970d99374a8330077f1f04e31a06415f76763c8fc23dbc318
06-tbt-library/tbt-source-003-stairways-aisles-and-walkways-v3-0-draft.docx,tbt-source-003-stairways-aisles-and-walkways,,MANAGEMENT_REVIEW,,06-tbt-library,3.0,DRAFT,NOT_SUPERSEDED,NOT_APPLICABLE,ACTIVE,YES,YES,2,Page X of Y,TBT,Safety Department,2.2-development,Build Manifest controlled,95bc40a52c92cc9b0b518081d2f0f28a360dd0c59a9190acad1a5ae8a603bb14,b269367fbe87cdfda47f6d4e84c4989361fe220314662f92b6ee90d099768cc6
06-tbt-library/tbt-source-004-guardrails-v3-0-draft.docx,tbt-source-004-guardrails,,MANAGEMENT_REVIEW,,06-tbt-library,3.0,DRAFT,NOT_SUPERSEDED,NOT_APPLICABLE,ACTIVE,YES,YES,2,Page X of Y,TBT,Safety Department,2.2-development,Build Manifest controlled,ce479d06ad618a6af9117b1b5ebb4df687daa2a42ff8a6cb451feec52d9499a3,b4a26579796d992b03be105fd1de737b71de778808895fb429adef1e8101be91
06-tbt-library/tbt-source-005-fall-protection-v3-0-draft.docx,tbt-source-005-fall-protection,,MANAGEMENT_REVIEW,,06-tbt-library,3.0,DRAFT,NOT_SUPERSEDED,NOT_APPLICABLE,ACTIVE,YES,YES,2,Page X of Y,TBT,Safety Department,2.2-development,Build Manifest controlled,2512c29a88575f32ddc4b900bc3d1e32922c410b57cc4a735dc2e6dae769b75b,16fdb72d07df2faffe9d611b4bb8746c77d5be464912306ea280a6e596982b91
06-tbt-library/tbt-source-006-personal-fall-arrest-systems-v3-0-draft.docx,tbt-source-006-personal-fall-arrest-systems,,MANAGEMENT_REVIEW,,06-tbt-library,3.0,DRAFT,NOT_SUPERSEDED,NOT_APPLICABLE,ACTIVE,YES,YES,2,Page X of Y,TBT,Safety Department,2.2-development,Build Manifest controlled,99afa42c24b66dd5499815e223fc4ff4d9e88a0887be511c94bdcc6376493176,881e063cd07a6627243a5026599283eefd9c29bbdb6ecbb699a98d2fc62daf05
06-tbt-library/tbt-source-007-holes-and-floor-openings-v3-0-draft.docx,tbt-source-007-holes-and-floor-openings,,MANAGEMENT_REVIEW,,06-tbt-library,3.0,DRAFT,NOT_SUPERSEDED,NOT_APPLICABLE,ACTIVE,YES,YES,2,Page X of Y,TBT,Safety Department,2.2-development,Build Manifest controlled,05193d28ff68f9f1ee3578236171739eef092db8b0b9041c4185afb50410503d,5af0405ec593c3f57808bb6f7ce276e306c5811262818b05bbfb0ee219baefa6
06-tbt-library/tbt-source-008-ladders-v3-0-draft.docx,tbt-source-008-ladders,,MANAGEMENT_REVIEW,,06-tbt-library,3.0,DRAFT,NOT_SUPERSEDED,NOT_APPLICABLE,ACTIVE,YES,YES,2,Page X of Y,TBT,Safety Department,2.2-development,Build Manifest controlled,d81d5789f6bdb7a1caa2087c42e21bb5b3b9423c19e7cc3db580d5f87a828a3e,0aca216a17b264ae3eb86a5488c5c6b540dd5d789186a97e0f37c683e48769df
06-tbt-library/tbt-source-009-ladder-safety-v3-0-draft.docx,tbt-source-009-ladder-safety,,MANAGEMENT_REVIEW,,06-tbt-library,3.0,DRAFT,NOT_SUPERSEDED,NOT_APPLICABLE,ACTIVE,YES,YES,2,Page X of Y,TBT,Safety Department,2.2-development,Build Manifest controlled,d6ffe9ed23934d0764a95936e5c6de82740202765ff64dd21e7c07e214ca518e,491f9c48c99357490ecbb42bfaf90a3d1aa8ab8b75921b9a63392e0d37470059
06-tbt-library/tbt-source-010-step-up-to-safety-v3-0-draft.docx,tbt-source-010-step-up-to-safety,,MANAGEMENT_REVIEW,,06-tbt-library,3.0,DRAFT,NOT_SUPERSEDED,NOT_APPLICABLE,ACTIVE,YES,YES,2,Page X of Y,TBT,Safety Department,2.2-development,Build Manifest controlled,bbe1274169f5f9fcb64d3e35305eb2c1ba94f9c58114ed08347beff442dc0ea0,8fb20b108d8e5396de1d480b25bcb448de3d905d6850e09ee449ed46af8528c8
06-tbt-library/tbt-source-011-use-and-erection-of-ladders-v3-0-draft.docx,tbt-source-011-use-and-erection-of-ladders,,MANAGEMENT_REVIEW,,06-tbt-library,3.0,DRAFT,NOT_SUPERSEDED,NOT_APPLICABLE,ACTIVE,YES,YES,2,Page X of Y,TBT,Safety Department,2.2-development,Build Manifest controlled,e106d1f1beb6bc4ea49e754ca862d55c13a11293f5c2f01b8775d7ad4762dc7e,675c41d398e782115fc3b94aeaa08f2e51bf97114637925454a9451dc5c12ff5
06-tbt-library/tbt-source-012-scaffolding-i-v3-0-draft.docx,tbt-source-012-scaffolding-i,,MANAGEMENT_REVIEW,,06-tbt-library,3.0,DRAFT,NOT_SUPERSEDED,NOT_APPLICABLE,ACTIVE,YES,YES,2,Page X of Y,TBT,Safety Department,2.2-development,Build Manifest controlled,a912f041b00240ad6ebde7d137eecf5422078431787b3d61c1b0322b08e6a051,906244a5c32350ce0f21b8b36a4d7e9b190337a886faf2d94f790ea412964322
06-tbt-library/tbt-source-013-scaffolding-ii-v3-0-draft.docx,tbt-source-013-scaffolding-ii,,MANAGEMENT_REVIEW,,06-tbt-library,3.0,DRAFT,NOT_SUPERSEDED,NOT_APPLICABLE,ACTIVE,YES,YES,2,Page X of Y,TBT,Safety Department,2.2-development,Build Manifest controlled,9e58a2a6b0cc579e6c551ae49d2d0819f1079068572be3469386610db0eb6146,e5c08d00115ec664247367c478fbc871eaf04ebce356b0adb50da16ab89a36db
06-tbt-library/tbt-source-014-scaffolds-v3-0-draft.docx,tbt-source-014-scaffolds,,MANAGEMENT_REVIEW,,06-tbt-library,3.0,DRAFT,NOT_SUPERSEDED,NOT_APPLICABLE,ACTIVE,YES,YES,2,Page X of Y,TBT,Safety Department,2.2-development,Build Manifest controlled,15f92566ed018dc86eb1d55e316cadb35e93189c43ed5b067bccfddd8484e0db,45551b6ad4c4b1b9c4e09b8b0ea51c0c12f403cf34c13c04ad917cb9bde8a0da
06-tbt-library/tbt-source-015-safe-scaffolding-v3-0-draft.docx,tbt-source-015-safe-scaffolding,,MANAGEMENT_REVIEW,,06-tbt-library,3.0,DRAFT,NOT_SUPERSEDED,NOT_APPLICABLE,ACTIVE,YES,YES,2,Page X of Y,TBT,Safety Department,2.2-development,Build Manifest controlled,6a7d48078397aa91582584bac51d948428a2b39078006ed83ab9db2c1ba615b3,5cc6de6c0bace3037b181b1c0aa0e2d683a094b6333caf991b76540e37ad1055
06-tbt-library/tbt-source-016-scaffolds-permanent-safety-on-temporary-structures-v3-0-draft.docx,tbt-source-016-scaffolds-permanent-safety-on-temporary-structures,,MANAGEMENT_REVIEW,,06-tbt-library,3.0,DRAFT,NOT_SUPERSEDED,NOT_APPLICABLE,ACTIVE,YES,YES,2,Page X of Y,TBT,Safety Department,2.2-development,Build Manifest controlled,4a66890b99564e1d628f8cd1905233044c91b19d0ea9f5d431154ea7a3840c2c,3791d0da26c326ae3fd95eb9324491a4e25a92f41a9eff80536f4f371e1ae3b8
06-tbt-library/tbt-source-017-aerial-lifts-and-elevated-platforms-v3-0-draft.docx,tbt-source-017-aerial-lifts-and-elevated-platforms,,MANAGEMENT_REVIEW,,06-tbt-library,3.0,DRAFT,NOT_SUPERSEDED,NOT_APPLICABLE,ACTIVE,YES,YES,2,Page X of Y,TBT,Safety Department,2.2-development,Build Manifest controlled,33b8d6f2d6a21f8277af187f05489ce0be5b7f622ae34aec15757341dfbff7f1,24c0913d6001aefa7e69cc7f4a4dabbbf202933688643ca5078f577c20223fd2
06-tbt-library/tbt-source-018-preventing-deadly-falls-v3-0-draft.docx,tbt-source-018-preventing-deadly-falls,,MANAGEMENT_REVIEW,,06-tbt-library,3.0,DRAFT,NOT_SUPERSEDED,NOT_APPLICABLE,ACTIVE,YES,YES,2,Page X of Y,TBT,Safety Department,2.2-development,Build Manifest controlled,7765de3bfbabcb565daf0d34a31cf6f2e55d05a28c9818703d6be9f855157a9d,d668a5685effdae42c53b6ae118cc0d08c8aec5d4481ca477189ab41442f421d
06-tbt-library/tbt-source-019-slips-and-spills-v3-0-draft.docx,tbt-source-019-slips-and-spills,,MANAGEMENT_REVIEW,,06-tbt-library,3.0,DRAFT,NOT_SUPERSEDED,NOT_APPLICABLE,ACTIVE,YES,YES,2,Page X of Y,TBT,Safety Department,2.2-development,Build Manifest controlled,b2fafcde46025c436142c1794b1e2bc0a0c1d088d4260fd6287fb5b5e0424131,b55915aabb5bbdae107dc1e52fef19d9c79008ee221dc4cb9a95a96680d03bcf
06-tbt-library/tbt-source-020-fall-protection-systems-v3-0-draft.docx,tbt-source-020-fall-protection-systems,,MANAGEMENT_REVIEW,,06-tbt-library,3.0,DRAFT,NOT_SUPERSEDED,NOT_APPLICABLE,ACTIVE,YES,YES,2,Page X of Y,TBT,Safety Department,2.2-development,Build Manifest controlled,f89073ddc9d573bf1aabb9c91d73034105bfdd94161149805bce9cac991abc69,ac04da76d025b78835b2abfd959e4b9f8cd03bc5244291daca77e20a676d9561
06-tbt-library/tbt-source-021-pneumatic-tools-v3-0-draft.docx,tbt-source-021-pneumatic-tools,,MANAGEMENT_REVIEW,,06-tbt-library,3.0,DRAFT,NOT_SUPERSEDED,NOT_APPLICABLE,ACTIVE,YES,YES,2,Page X of Y,TBT,Safety Department,2.2-development,Build Manifest controlled,b01d411f6101c68434181d9004fd510ff9564aa2f1f05af7d886bf777a4be2bc,8c4fafb9b67677d01e0ac5e6467121d6f2e65a45ea80d4658ac6bdd770c98aae
06-tbt-library/tbt-source-022-power-tools-v3-0-draft.docx,tbt-source-022-power-tools,,MANAGEMENT_REVIEW,,06-tbt-library,3.0,DRAFT,NOT_SUPERSEDED,NOT_APPLICABLE,ACTIVE,YES,YES,2,Page X of Y,TBT,Safety Department,2.2-development,Build Manifest controlled,0b786b5b931c1091dad2c1af310b27edfe6838adc98edca8939743003d865247,cbc28f2a6d333bea8f0ca5f4fa30ac848cffb5511ee2f734d241b0f9ac722f80
06-tbt-library/tbt-source-023-power-saws-v3-0-draft.docx,tbt-source-023-power-saws,,MANAGEMENT_REVIEW,,06-tbt-library,3.0,DRAFT,NOT_SUPERSEDED,NOT_APPLICABLE,ACTIVE,YES,YES,2,Page X of Y,TBT,Safety Department,2.2-development,Build Manifest controlled,e9ac98f0075f9e3f3b693fd172ca61a951298ef4dc5cf0d8f4f3dc8c53ec6d85,edc4b2f8f16ba4f39c2c732a079e50187542f140b4ae5014f08b7b27e9f86ff5
06-tbt-library/tbt-source-024-the-power-of-safety-v3-0-draft.docx,tbt-source-024-the-power-of-safety,,MANAGEMENT_REVIEW,,06-tbt-library,3.0,DRAFT,NOT_SUPERSEDED,NOT_APPLICABLE,ACTIVE,YES,YES,2,Page X of Y,TBT,Safety Department,2.2-development,Build Manifest controlled,6c54da2dbcfbb92b7a085aa1deb7d0318ff6fc25be2e5590c975c299c1381dd7,07fb253b9a8b44b9716f73b8319514986a3f95d8c4725d804bd03dbfff4fcbcd
06-tbt-library/tbt-source-025-powder-actuated-tools-v3-0-draft.docx,tbt-source-025-powder-actuated-tools,,MANAGEMENT_REVIEW,,06-tbt-library,3.0,DRAFT,NOT_SUPERSEDED,NOT_APPLICABLE,ACTIVE,YES,YES,2,Page X of Y,TBT,Safety Department,2.2-development,Build Manifest controlled,fd1335cac7cfe3f02708bf855ee6aaeccb7202b9ea67d55e63c906338d8bee2b,dc025918fcd365237459f487f3a00ecff8525b701e78a0c411b357745f790675
06-tbt-library/tbt-source-026-chainsaw-safety-v3-0-draft.docx,tbt-source-026-chainsaw-safety,,MANAGEMENT_REVIEW,,06-tbt-library,3.0,DRAFT,NOT_SUPERSEDED,NOT_APPLICABLE,ACTIVE,YES,YES,2,Page X of Y,TBT,Safety Department,2.2-development,Build Manifest controlled,aa0a4638bedc53955d641c2b620e6ca8947714ca5a962c1fd871affdfafb7cdc,97232ede684f0868a5eea15bd180358dc1039f650db5351ebdda972660316ce7
06-tbt-library/tbt-source-027-working-safely-with-lasers-v3-0-draft.docx,tbt-source-027-working-safely-with-lasers,,MANAGEMENT_REVIEW,,06-tbt-library,3.0,DRAFT,NOT_SUPERSEDED,NOT_APPLICABLE,ACTIVE,YES,YES,2,Page X of Y,TBT,Safety Department,2.2-development,Build Manifest controlled,5b5b6965fb4e9255e3ace3306527454076f1a4462139217ccf46d894cd7c48c1,7f9d60b8ae8bab571779eba051b1b254959cf6fef7ddaac1180ad114484b7695
06-tbt-library/tbt-source-028-laser-safety-v3-0-draft.docx,tbt-source-028-laser-safety,,MANAGEMENT_REVIEW,,06-tbt-library,3.0,DRAFT,NOT_SUPERSEDED,NOT_APPLICABLE,ACTIVE,YES,YES,2,Page X of Y,TBT,Safety Department,2.2-development,Build Manifest controlled,5540b90088b92c74b188bc529bdbc70e6f19181fb63a0317fe8f74623e5ee3aa,762ebd5c8f32d6078d22b827f35c3de9f13c0f968594f30e9f60f6a5a0c361a6
06-tbt-library/tbt-source-029-tools-v3-0-draft.docx,tbt-source-029-tools,,MANAGEMENT_REVIEW,,06-tbt-library,3.0,DRAFT,NOT_SUPERSEDED,NOT_APPLICABLE,ACTIVE,YES,YES,2,Page X of Y,TBT,Safety Department,2.2-development,Build Manifest controlled,09886b01009c911d6ce11749448e4994887118c28a63bf0731dafb87241301ff,d95b449e1241b8ef9b513dd94d2badd9142cf509989bc1ba89435e653a09e95e
06-tbt-library/tbt-source-030-torches-v3-0-draft.docx,tbt-source-030-torches,,MANAGEMENT_REVIEW,,06-tbt-library,3.0,DRAFT,NOT_SUPERSEDED,NOT_APPLICABLE,ACTIVE,YES,YES,2,Page X of Y,TBT,Safety Department,2.2-development,Build Manifest controlled,21a5ddd302ef131f25b835c55d4bd8441833adfbde1584763ef2f50d0e5c5e26,6b8b855bf39b39c5784f49a7eb84556499c180777007e52b12d84f9d96c8b411
06-tbt-library/tbt-source-031-hand-tools-v3-0-draft.docx,tbt-source-031-hand-tools,,MANAGEMENT_REVIEW,,06-tbt-library,3.0,DRAFT,NOT_SUPERSEDED,NOT_APPLICABLE,ACTIVE,YES,YES,2,Page X of Y,TBT,Safety Department,2.2-development,Build Manifest controlled,af666cb9017dfc2a464c7164c6f5f522f694f65dfad4dd2b2e3cb7cab6a03486,fea030aa0ea01905be94c941c673494fba130e731f5dc2a09f85381d40fc5c36
06-tbt-library/tbt-source-032-care-of-hand-tools-v3-0-draft.docx,tbt-source-032-care-of-hand-tools,,MANAGEMENT_REVIEW,,06-tbt-library,3.0,DRAFT,NOT_SUPERSEDED,NOT_APPLICABLE,ACTIVE,YES,YES,2,Page X of Y,TBT,Safety Department,2.2-development,Build Manifest controlled,717eea911839795b9a098aaebff15e9f4f4a5891bcdd2940e9590147b5517380,517db940cb731631ec5b11712d4bbb527373fef7913586bef60dd513ec30ecad
06-tbt-library/tbt-source-033-chisels-screwdrivers-and-sharp-points-v3-0-draft.docx,tbt-source-033-chisels-screwdrivers-and-sharp-points,,MANAGEMENT_REVIEW,,06-tbt-library,3.0,DRAFT,NOT_SUPERSEDED,NOT_APPLICABLE,ACTIVE,YES,YES,2,Page X of Y,TBT,Safety Department,2.2-development,Build Manifest controlled,525a9bb044982ed39d7c73b882307c43720e53d04e84e06dc340bda10e915941,96491de5f2ec53fe385194edbf237d775a3b90436d5f9a7d34550275d51a002e
06-tbt-library/tbt-source-034-hammers-and-other-impact-tools-v3-0-draft.docx,tbt-source-034-hammers-and-other-impact-tools,,MANAGEMENT_REVIEW,,06-tbt-library,3.0,DRAFT,NOT_SUPERSEDED,NOT_APPLICABLE,ACTIVE,YES,YES,2,Page X of Y,TBT,Safety Department,2.2-development,Build Manifest controlled,93ac6bdba7cc2f86dcad9c055eac77f9bc5226f7a2be5b1cd77bd1f1421d21c7,6ee98bdf269cc5839f97a8d1712607d3823c0ba6148e42a192edff895809eb82
06-tbt-library/tbt-source-035-adjusting-and-changing-tool-accessories-v3-0-draft.docx,tbt-source-035-adjusting-and-changing-tool-accessories,,MANAGEMENT_REVIEW,,06-tbt-library,3.0,DRAFT,NOT_SUPERSEDED,NOT_APPLICABLE,ACTIVE,YES,YES,2,Page X of Y,TBT,Safety Department,2.2-development,Build Manifest controlled,3c1132b0c9add6709a6e8d1a10f7e3b0fa7881cc0af556788bdd67b25d1bc5b4,bfbaff3e383ed78a9fbd7f9f8fdf4849686214c6f8b4d6092c793f6975606e73
06-tbt-library/tbt-source-036-handling-sharp-tools-and-other-objects-v3-0-draft.docx,tbt-source-036-handling-sharp-tools-and-other-objects,,MANAGEMENT_REVIEW,,06-tbt-library,3.0,DRAFT,NOT_SUPERSEDED,NOT_APPLICABLE,ACTIVE,YES,YES,2,Page X of Y,TBT,Safety Department,2.2-development,Build Manifest controlled,8203fa78bc5d8d3c236791168c6d0d6996266b195ebc69b1ac374080f97c92ee,26eb89adb7356f1b4bfacb60984d802fa5b027f74a267b2f23ce05e40fe29fc6
06-tbt-library/tbt-source-037-hand-tools-and-power-tools-v3-0-draft.docx,tbt-source-037-hand-tools-and-power-tools,,MANAGEMENT_REVIEW,,06-tbt-library,3.0,DRAFT,NOT_SUPERSEDED,NOT_APPLICABLE,ACTIVE,YES,YES,2,Page X of Y,TBT,Safety Department,2.2-development,Build Manifest controlled,97711899897b2ffa25cdea4afb3ff48ab73f2f8422436b48d1292400e98543ae,8362d9477bd06f9eb4abb2d4bed013ef2e58abe542ef520a1b47ef397ed917a5
06-tbt-library/tbt-source-038-fire-prevention-v3-0-draft.docx,tbt-source-038-fire-prevention,,MANAGEMENT_REVIEW,,06-tbt-library,3.0,DRAFT,NOT_SUPERSEDED,NOT_APPLICABLE,ACTIVE,YES,YES,2,Page X of Y,TBT,Safety Department,2.2-development,Build Manifest controlled,052a057f2ecf4100c4b9097557efdd60097892a29e44d48bab081efb20073d72,7aabeb90913e26ea1a5a975617f5b64bfb55cd2127977af704c4291e38e8e400
06-tbt-library/tbt-source-039-portable-heaters-v3-0-draft.docx,tbt-source-039-portable-heaters,,MANAGEMENT_REVIEW,,06-tbt-library,3.0,DRAFT,NOT_SUPERSEDED,NOT_APPLICABLE,ACTIVE,YES,YES,2,Page X of Y,TBT,Safety Department,2.2-development,Build Manifest controlled,aa79577425daa1574aef0cd9d1d701f5d952d0c159ea4bebfa5a4bbd77e20abc,bd0175e7abae03f8d8eeda1e0aeddfe5bbafad4c4c8f62bf339d5d063333fac6
06-tbt-library/tbt-source-040-preparing-for-an-emergency-v3-0-draft.docx,tbt-source-040-preparing-for-an-emergency,,MANAGEMENT_REVIEW,,06-tbt-library,3.0,DRAFT,NOT_SUPERSEDED,NOT_APPLICABLE,ACTIVE,YES,YES,2,Page X of Y,TBT,Safety Department,2.2-development,Build Manifest controlled,fa6e8f9da8850eb208d9802488784c931a6720b0c221d4687db4ba234a1d06eb,0128c2437a963706171a18a0a0618945a9bbbe930f69d3e4d691c446583d6c17
06-tbt-library/tbt-source-041-portable-heaters-staying-warm-and-safe-v3-0-draft.docx,tbt-source-041-portable-heaters-staying-warm-and-safe,,MANAGEMENT_REVIEW,,06-tbt-library,3.0,DRAFT,NOT_SUPERSEDED,NOT_APPLICABLE,ACTIVE,YES,YES,2,Page X of Y,TBT,Safety Department,2.2-development,Build Manifest controlled,be9f0f701c66e8b831d1299bbb1e9a9ae52e7e8d6440fcc32be0f2ce4cdce9f8,436410cea2c353da70b81cadcf87fedc6b7dd538ea6c6ef951cc6459c82199b9
06-tbt-library/tbt-source-042-safety-on-the-small-job-v3-0-draft.docx,tbt-source-042-safety-on-the-small-job,,MANAGEMENT_REVIEW,,06-tbt-library,3.0,DRAFT,NOT_SUPERSEDED,NOT_APPLICABLE,ACTIVE,YES,YES,2,Page X of Y,TBT,Safety Department,2.2-development,Build Manifest controlled,b12c44c57009e59709c672de8a479bb1b89d2c3be2fff985aff52733c47f01ac,6b6beb8ab3889bbcda9ce65a9860f9c314db90abf2f7aadcc2a67801d1b04649
06-tbt-library/tbt-source-043-safety-for-home-builders-v3-0-draft.docx,tbt-source-043-safety-for-home-builders,,MANAGEMENT_REVIEW,,06-tbt-library,3.0,DRAFT,NOT_SUPERSEDED,NOT_APPLICABLE,ACTIVE,YES,YES,2,Page X of Y,TBT,Safety Department,2.2-development,Build Manifest controlled,afab8f10301cffbd941709c357e2970172f3ea55cfe3116bb1cceea666efe9f5,188f232aa915b1dd7e2609233391ad9b6922471798a77a37ecb51731a759fab4
06-tbt-library/tbt-source-044-paints-finishes-and-coatings-v3-0-draft.docx,tbt-source-044-paints-finishes-and-coatings,,MANAGEMENT_REVIEW,,06-tbt-library,3.0,DRAFT,NOT_SUPERSEDED,NOT_APPLICABLE,ACTIVE,YES,YES,2,Page X of Y,TBT,Safety Department,2.2-development,Build Manifest controlled,3585b4baf54aa9d5ab6096342a4ea352430e286d6887897fdc0a05d6875d4810,e5b6f9e6ef531558caa48fd6f250974abd39fbebe29783d531356aae823cbebc
06-tbt-library/tbt-source-045-demolition-v3-0-draft.docx,tbt-source-045-demolition,,MANAGEMENT_REVIEW,,06-tbt-library,3.0,DRAFT,NOT_SUPERSEDED,NOT_APPLICABLE,ACTIVE,YES,YES,2,Page X of Y,TBT,Safety Department,2.2-development,Build Manifest controlled,37286cf6db66eece24445dbe4a49740e732aa3276e14bb76a6ca35b4ea2144f8,ba5491ba2fd383679c6b34362822933f092e5aced1dbe317be317878e51178da
06-tbt-library/tbt-source-046-demolition-dangers-v3-0-draft.docx,tbt-source-046-demolition-dangers,,MANAGEMENT_REVIEW,,06-tbt-library,3.0,DRAFT,NOT_SUPERSEDED,NOT_APPLICABLE,ACTIVE,YES,YES,2,Page X of Y,TBT,Safety Department,2.2-development,Build Manifest controlled,004e487a847f8067d5f49f7c9fb7ec3b27deb832ed8ec450075a224ff2e3cb98,bcb9cbfcf484a61b9b7277330ae6f0edcca129a37d4ef3303d0b9978575dbfef
06-tbt-library/tbt-source-047-welding-and-cutting-safety-v3-0-draft.docx,tbt-source-047-welding-and-cutting-safety,,MANAGEMENT_REVIEW,,06-tbt-library,3.0,DRAFT,NOT_SUPERSEDED,NOT_APPLICABLE,ACTIVE,YES,YES,2,Page X of Y,TBT,Safety Department,2.2-development,Build Manifest controlled,a28722249ce276bfba4ba89fcb5a9e01cc112542b5cbb7937e2c879867c512c2,65f0647f1e51a83db2dd23a0ee6dcd3c0c75dc9eb92821235d8aa3781d927fb5
06-tbt-library/tbt-source-048-concrete-v3-0-draft.docx,tbt-source-048-concrete,,MANAGEMENT_REVIEW,,06-tbt-library,3.0,DRAFT,NOT_SUPERSEDED,NOT_APPLICABLE,ACTIVE,YES,YES,2,Page X of Y,TBT,Safety Department,2.2-development,Build Manifest controlled,1a7b11210574aedcfdc2d9244409c1b16459ffd9905c41d62e059934c7af7a56,29497fc927ec757f442c834c792ba79443c118d81f6ae4b210cb73f8b15e6564
06-tbt-library/tbt-source-049-concrete-and-form-work-v3-0-draft.docx,tbt-source-049-concrete-and-form-work,,MANAGEMENT_REVIEW,,06-tbt-library,3.0,DRAFT,NOT_SUPERSEDED,NOT_APPLICABLE,ACTIVE,YES,YES,2,Page X of Y,TBT,Safety Department,2.2-development,Build Manifest controlled,e2335bcb4e2659b39181b1ab9db106096354aa9125133e99315838a8667701dc,2006fd59de746a1a194e8c3b199971189f350b4eabf3f83c706c0274ebedb1c6
06-tbt-library/tbt-source-050-roofing-v3-0-draft.docx,tbt-source-050-roofing,,MANAGEMENT_REVIEW,,06-tbt-library,3.0,DRAFT,NOT_SUPERSEDED,NOT_APPLICABLE,ACTIVE,YES,YES,2,Page X of Y,TBT,Safety Department,2.2-development,Build Manifest controlled,6e6ac61ac82e2a961c72abd2040e9ab628d012592a0e8ae7b06e459024efe0e5,28096c4fc2712d0e91080671f9964c6dc23ecc7418bb9a372d65cc7e13b552d5
06-tbt-library/tbt-source-051-roofing-safety-v3-0-draft.docx,tbt-source-051-roofing-safety,,MANAGEMENT_REVIEW,,06-tbt-library,3.0,DRAFT,NOT_SUPERSEDED,NOT_APPLICABLE,ACTIVE,YES,YES,2,Page X of Y,TBT,Safety Department,2.2-development,Build Manifest controlled,a5701cc2456f7635528eb59a71b2d5736c1fdfe151c0a5172346c14546f82c04,3076bced1426a152cdb3955f1db10426557cad4b9d4f1ec10c8a3ba3ce757549
06-tbt-library/tbt-source-052-motor-vehicles-and-your-safety-v3-0-draft.docx,tbt-source-052-motor-vehicles-and-your-safety,,MANAGEMENT_REVIEW,,06-tbt-library,3.0,DRAFT,NOT_SUPERSEDED,NOT_APPLICABLE,ACTIVE,YES,YES,2,Page X of Y,TBT,Safety Department,2.2-development,Build Manifest controlled,5a53a96f350a0f16e8f606498e39c7ab747e4755804b6ae07ab31bdcce347a83,d7276337bdb9e58cb79b7e03d41dcd12e8c2abcf56be42181cc6e07f4309fb54
06-tbt-library/tbt-source-053-defensive-driving-i-v3-0-draft.docx,tbt-source-053-defensive-driving-i,,MANAGEMENT_REVIEW,,06-tbt-library,3.0,DRAFT,NOT_SUPERSEDED,NOT_APPLICABLE,ACTIVE,YES,YES,2,Page X of Y,TBT,Safety Department,2.2-development,Build Manifest controlled,87912bc70b3848931a6061864f31d32773437bd8d5770c862e767955ffd8e13d,afb72f733c8d43464c6192ab2aabf9b39188678f1d2aee0a68056782502c1953
06-tbt-library/tbt-source-054-defensive-driving-ii-v3-0-draft.docx,tbt-source-054-defensive-driving-ii,,MANAGEMENT_REVIEW,,06-tbt-library,3.0,DRAFT,NOT_SUPERSEDED,NOT_APPLICABLE,ACTIVE,YES,YES,2,Page X of Y,TBT,Safety Department,2.2-development,Build Manifest controlled,d7efd17d7e38f61fe611318d1adbfb3e9168e603971b82fd024fc67a9afc5fe3,1f6ef49621341a52770b9ee6fca5fbff99feab1215d07fb55e14592123464f2f
06-tbt-library/tbt-source-055-road-construction-ahead-v3-0-draft.docx,tbt-source-055-road-construction-ahead,,MANAGEMENT_REVIEW,,06-tbt-library,3.0,DRAFT,NOT_SUPERSEDED,NOT_APPLICABLE,ACTIVE,YES,YES,2,Page X of Y,TBT,Safety Department,2.2-development,Build Manifest controlled,d80772bfd2bd8bd05f4bcec1a0b3cb636e7005748d4dac6e2e0c977179c333a6,1107e7f8e99f9d2a3ec4ecceb2596bba0a544fd70e1a1404346852ee4618fde3
06-tbt-library/tbt-source-056-work-zone-safety-i-v3-0-draft.docx,tbt-source-056-work-zone-safety-i,,MANAGEMENT_REVIEW,,06-tbt-library,3.0,DRAFT,NOT_SUPERSEDED,NOT_APPLICABLE,ACTIVE,YES,YES,2,Page X of Y,TBT,Safety Department,2.2-development,Build Manifest controlled,3bb2711f464e0dc3d7d1e2c8330de496563153d6dd9216b1178cc1cc48b51e46,a30cad480704351d127e9b6307f03794e58e6037af5f067d95c85d52c4aa013d
06-tbt-library/tbt-source-057-work-zone-safety-ii-v3-0-draft.docx,tbt-source-057-work-zone-safety-ii,,MANAGEMENT_REVIEW,,06-tbt-library,3.0,DRAFT,NOT_SUPERSEDED,NOT_APPLICABLE,ACTIVE,YES,YES,2,Page X of Y,TBT,Safety Department,2.2-development,Build Manifest controlled,df8df74d0bc66cb480e8152a58b44406f8560a1f2276c3107a4125faf849f0f0,fec69d3a57ce70e78a8ab4d8cddcef12c4242b496046e249479d077198b74210
06-tbt-library/tbt-source-058-heavy-equipment-v3-0-draft.docx,tbt-source-058-heavy-equipment,,MANAGEMENT_REVIEW,,06-tbt-library,3.0,DRAFT,NOT_SUPERSEDED,NOT_APPLICABLE,ACTIVE,YES,YES,2,Page X of Y,TBT,Safety Department,2.2-development,Build Manifest controlled,8a3bce5cfba62bf2a9cfee5f00255f73a81ae7b345349e4fc50bcaf5b7297d45,a14d731c5cf7332bebab3943fb4ae01d807bfd7180933f88176eacdb3be59790
06-tbt-library/tbt-source-059-equipment-dangers-v3-0-draft.docx,tbt-source-059-equipment-dangers,,MANAGEMENT_REVIEW,,06-tbt-library,3.0,DRAFT,NOT_SUPERSEDED,NOT_APPLICABLE,ACTIVE,YES,YES,2,Page X of Y,TBT,Safety Department,2.2-development,Build Manifest controlled,0ac952156fd7971bd2febc4b2e53cac6fd042d14158d877d41dc27331d9b20ad,608e5a2bfac9e7c4e1e3863f300177ffbc5f8ad92f321f778a729ffc79f0557f
06-tbt-library/tbt-source-060-construction-forklifts-v3-0-draft.docx,tbt-source-060-construction-forklifts,,MANAGEMENT_REVIEW,,06-tbt-library,3.0,DRAFT,NOT_SUPERSEDED,NOT_APPLICABLE,ACTIVE,YES,YES,2,Page X of Y,TBT,Safety Department,2.2-development,Build Manifest controlled,c6f3f0b5994dc03816a764a4c6089c5a1c68eace2ba9d8bd20d6806cd448c648,3ede1d2cd9b7a1b388550b2d2f5c87cf411f7dc95ecf688f5e2d33bb44b16b0c
06-tbt-library/tbt-source-061-excavation-safety-can-you-dig-it-v3-0-draft.docx,tbt-source-061-excavation-safety-can-you-dig-it,,MANAGEMENT_REVIEW,,06-tbt-library,3.0,DRAFT,NOT_SUPERSEDED,NOT_APPLICABLE,ACTIVE,YES,YES,2,Page X of Y,TBT,Safety Department,2.2-development,Build Manifest controlled,e377cde722f6bc539b43d6ceec9dc4388245f18becaebb47e4b9db05b6960105,16cf55de289c87e4c930c5cd0ae53755cf6a9d564ec036a98e6c6a2cba663426
06-tbt-library/tbt-source-062-utility-hazards-underground-and-overhead-v3-0-draft.docx,tbt-source-062-utility-hazards-underground-and-overhead,,MANAGEMENT_REVIEW,,06-tbt-library,3.0,DRAFT,NOT_SUPERSEDED,NOT_APPLICABLE,ACTIVE,YES,YES,2,Page X of Y,TBT,Safety Department,2.2-development,Build Manifest controlled,82da2319c86c857525d7d24893269a62cf599f4b9f977b45ab6152852dc86387,355cd1da9752fe6c8f49f81d5b47bb592343534a217496bc329ce90e8b1f8b2e
06-tbt-library/tbt-source-063-underground-utilities-v3-0-draft.docx,tbt-source-063-underground-utilities,,MANAGEMENT_REVIEW,,06-tbt-library,3.0,DRAFT,NOT_SUPERSEDED,NOT_APPLICABLE,ACTIVE,YES,YES,2,Page X of Y,TBT,Safety Department,2.2-development,Build Manifest controlled,fb5f868bd3da8b6b9423617107d711d90c7f41d49d2d4b46167895e58847cd0e,afc3505e0263544cd58da39a7534ead03a1c9c897eaf927fd0a9b76cf6ad7d8c
06-tbt-library/tbt-source-064-first-aid-v3-0-draft.docx,tbt-source-064-first-aid,,MANAGEMENT_REVIEW,,06-tbt-library,3.0,DRAFT,NOT_SUPERSEDED,NOT_APPLICABLE,ACTIVE,YES,YES,2,Page X of Y,TBT,Safety Department,2.2-development,Build Manifest controlled,fc2aef6ff65c0bb2ba756ceaf25410408771165150f1e94d578a7cc45235f2a9,3283a35c83ccb6f72a22a65b815027e57d997b5af12d0f4d8ff1b11fddb3b92f
06-tbt-library/tbt-source-065-first-aid-kits-v3-0-draft.docx,tbt-source-065-first-aid-kits,,MANAGEMENT_REVIEW,,06-tbt-library,3.0,DRAFT,NOT_SUPERSEDED,NOT_APPLICABLE,ACTIVE,YES,YES,2,Page X of Y,TBT,Safety Department,2.2-development,Build Manifest controlled,6d33a8b229ed4f2c7998b068eaa0845d02cbe74b51dbb372a623abd2302d8156,924c637a23b9d0326c19eda96243835a7c4108a51ab462cec885b4e8e6bdfa03
06-tbt-library/tbt-source-066-first-aid-for-eye-injuries-v3-0-draft.docx,tbt-source-066-first-aid-for-eye-injuries,,MANAGEMENT_REVIEW,,06-tbt-library,3.0,DRAFT,NOT_SUPERSEDED,NOT_APPLICABLE,ACTIVE,YES,YES,2,Page X of Y,TBT,Safety Department,2.2-development,Build Manifest controlled,997a2271a64fa4d496424d12c6e7f05440b09791b41510f37933af5bc2601b35,699d522c04a8a0ff37370c28fbc66beca0ab29a3c5db7c7147bd376344b495ed
06-tbt-library/tbt-source-067-preventing-cuts-it-s-all-in-your-hands-v3-0-draft.docx,tbt-source-067-preventing-cuts-it-s-all-in-your-hands,,MANAGEMENT_REVIEW,,06-tbt-library,3.0,DRAFT,NOT_SUPERSEDED,NOT_APPLICABLE,ACTIVE,YES,YES,2,Page X of Y,TBT,Safety Department,2.2-development,Build Manifest controlled,8dfcdd6cef79ab117c537983a5d07d0b9880fa084746f5aec312e74788f1a16f,1dc8f948818e9201bc697707989574b5237ccc5f920ccd8a27828ea77bd91031
06-tbt-library/tbt-source-068-it-s-just-a-little-cut-v3-0-draft.docx,tbt-source-068-it-s-just-a-little-cut,,MANAGEMENT_REVIEW,,06-tbt-library,3.0,DRAFT,NOT_SUPERSEDED,NOT_APPLICABLE,ACTIVE,YES,YES,2,Page X of Y,TBT,Safety Department,2.2-development,Build Manifest controlled,0e89fb0f7ed3aada7d0d4050efdc6d11ba1307858c11aeea12eb73b3e7a9a9c0,505abd7fe7785a487cf35f858eddb3af04e3b38f6c7f4460a601fee8e4ff0cb8
06-tbt-library/tbt-source-069-what-to-do-when-someone-is-injured-v3-0-draft.docx,tbt-source-069-what-to-do-when-someone-is-injured,,MANAGEMENT_REVIEW,,06-tbt-library,3.0,DRAFT,NOT_SUPERSEDED,NOT_APPLICABLE,ACTIVE,YES,YES,2,Page X of Y,TBT,Safety Department,2.2-development,Build Manifest controlled,a990e827a3db89dacf4fa82f980cd26c15c4ae760320bccdc60964c37cf66eca,cdb0aa067485e5a43570056d8fa3a6f743669574d5b956843a02d73a281414e8
06-tbt-library/tbt-source-070-bloodborne-pathogens-v3-0-draft.docx,tbt-source-070-bloodborne-pathogens,,MANAGEMENT_REVIEW,,06-tbt-library,3.0,DRAFT,NOT_SUPERSEDED,NOT_APPLICABLE,ACTIVE,YES,YES,2,Page X of Y,TBT,Safety Department,2.2-development,Build Manifest controlled,6edda3649008f647a3844147af6343fe398b9d1f794e38d76aa73a1fe4a6ee73,d718057e55b3116c62f23f7d884ba5994b5041d19d8530e08df153500ce28aac
06-tbt-library/tbt-source-071-burns-i-v3-0-draft.docx,tbt-source-071-burns-i,,MANAGEMENT_REVIEW,,06-tbt-library,3.0,DRAFT,NOT_SUPERSEDED,NOT_APPLICABLE,ACTIVE,YES,YES,2,Page X of Y,TBT,Safety Department,2.2-development,Build Manifest controlled,d37047e940c6a553fafc72eb8c7cb6e4e1f986ae700d3b970da357fd625ba2ee,355b282e4cef72c90897afcd8bcae32f2d6c716803875b8150e08ab62c048f5b
06-tbt-library/tbt-source-072-burns-ii-v3-0-draft.docx,tbt-source-072-burns-ii,,MANAGEMENT_REVIEW,,06-tbt-library,3.0,DRAFT,NOT_SUPERSEDED,NOT_APPLICABLE,ACTIVE,YES,YES,2,Page X of Y,TBT,Safety Department,2.2-development,Build Manifest controlled,2736daaf8006f2b2e3086e68e318f981d046199bc17163b67c93418dd2ca3062,a49c9b6b2a14dd52402058d798be8d4bb6b30c922362f9e8852edd2e4aba3785
06-tbt-library/tbt-source-073-prompt-care-can-prevent-infection-v3-0-draft.docx,tbt-source-073-prompt-care-can-prevent-infection,,MANAGEMENT_REVIEW,,06-tbt-library,3.0,DRAFT,NOT_SUPERSEDED,NOT_APPLICABLE,ACTIVE,YES,YES,2,Page X of Y,TBT,Safety Department,2.2-development,Build Manifest controlled,05f919f338fc283c53995e9bad7b6988aa01165bc4dbda5c9a7bdec422d4814e,d41031710dddc32f16dfc358a15d54d18a97d999418c8fa8524eceb7b453a3bd
06-tbt-library/tbt-source-074-plan-safety-into-your-day-v3-0-draft.docx,tbt-source-074-plan-safety-into-your-day,,MANAGEMENT_REVIEW,,06-tbt-library,3.0,DRAFT,NOT_SUPERSEDED,NOT_APPLICABLE,ACTIVE,YES,YES,2,Page X of Y,TBT,Safety Department,2.2-development,Build Manifest controlled,5f53e05249bdf4e45cca4d163e464471eb2dd4d20676fe39d75683b84c547f85,41923404e17647d0104f8dd280e171fa0cb077e85edf2c80778964d3f73dccaf
06-tbt-library/tbt-source-075-housekeeping-i-v3-0-draft.docx,tbt-source-075-housekeeping-i,,MANAGEMENT_REVIEW,,06-tbt-library,3.0,DRAFT,NOT_SUPERSEDED,NOT_APPLICABLE,ACTIVE,YES,YES,2,Page X of Y,TBT,Safety Department,2.2-development,Build Manifest controlled,8ee8b4a02d5aec4e41bb570d460a3d1b3c50343e96db1215ec9a5c44266640d2,a33ab1e8ffe2f704d15aa0abd92cd07cce24587317408e24bb1e86faf116f62a
06-tbt-library/tbt-source-076-housekeeping-ii-v3-0-draft.docx,tbt-source-076-housekeeping-ii,,MANAGEMENT_REVIEW,,06-tbt-library,3.0,DRAFT,NOT_SUPERSEDED,NOT_APPLICABLE,ACTIVE,YES,YES,2,Page X of Y,TBT,Safety Department,2.2-development,Build Manifest controlled,0547f31bd1a84d704eeac6c17c9dde1a507e7b57f964b26b554fd18d9e56d278,11376dbe6294a9f1d293c2c97ac33d9933fb28e2a9fef9f0875186adeda1ef37
06-tbt-library/tbt-source-077-accident-investigation-v3-0-draft.docx,tbt-source-077-accident-investigation,,MANAGEMENT_REVIEW,,06-tbt-library,3.0,DRAFT,NOT_SUPERSEDED,NOT_APPLICABLE,ACTIVE,YES,YES,2,Page X of Y,TBT,Safety Department,2.2-development,Build Manifest controlled,d197661a7a5dd635f2f6312163b8def6fc94610b2b74fa6a99814c896490cbf5,d0be8f347d7c0a3e36a9b732ae9c3804fb0f25b813a05c9a5511d919f23d60f4
06-tbt-library/tbt-source-078-a-safe-state-of-mind-v3-0-draft.docx,tbt-source-078-a-safe-state-of-mind,,MANAGEMENT_REVIEW,,06-tbt-library,3.0,DRAFT,NOT_SUPERSEDED,NOT_APPLICABLE,ACTIVE,YES,YES,2,Page X of Y,TBT,Safety Department,2.2-development,Build Manifest controlled,52f93d97e2701881289005365690166eed0c4e41b0b0673f8f0796d4f217de6f,e06f99a7e3bac8bb572a59726f078fedb012396836aec0779abc3ebba2face9e
06-tbt-library/tbt-source-079-save-attitudes-save-lives-v3-0-draft.docx,tbt-source-079-save-attitudes-save-lives,,MANAGEMENT_REVIEW,,06-tbt-library,3.0,DRAFT,NOT_SUPERSEDED,NOT_APPLICABLE,ACTIVE,YES,YES,2,Page X of Y,TBT,Safety Department,2.2-development,Build Manifest controlled,19aa9b16e529ead1f874677db6e1b99524732277128f6671645f9e0a54f8d25f,bed476162b629742e827f039d0c53e57d4b702a9aab4b819495cdabae217d4e9
06-tbt-library/tbt-source-080-supervisor-for-the-day-v3-0-draft.docx,tbt-source-080-supervisor-for-the-day,,MANAGEMENT_REVIEW,,06-tbt-library,3.0,DRAFT,NOT_SUPERSEDED,NOT_APPLICABLE,ACTIVE,YES,YES,2,Page X of Y,TBT,Safety Department,2.2-development,Build Manifest controlled,5657807df45b03bed3be9cd1d5284bcdaf51acdc40dd6d6b40a75f57c8b64df6,baccf2563ee3ef0af7d1ed669643eb9d71683fb169735797bdea4c138bea20b0
06-tbt-library/tbt-source-081-your-safety-attitude-v3-0-draft.docx,tbt-source-081-your-safety-attitude,,MANAGEMENT_REVIEW,,06-tbt-library,3.0,DRAFT,NOT_SUPERSEDED,NOT_APPLICABLE,ACTIVE,YES,YES,2,Page X of Y,TBT,Safety Department,2.2-development,Build Manifest controlled,89e0db9d92c228b7f7f6e0c89422430b958d098d873fa8199333847caa803379,b1f1c971853b0bdf5a39c8afa4c3a59d67f74aff5af40ab2f473a6faa29e5355
06-tbt-library/tbt-source-082-first-day-on-the-job-i-v3-0-draft.docx,tbt-source-082-first-day-on-the-job-i,,MANAGEMENT_REVIEW,,06-tbt-library,3.0,DRAFT,NOT_SUPERSEDED,NOT_APPLICABLE,ACTIVE,YES,YES,2,Page X of Y,TBT,Safety Department,2.2-development,Build Manifest controlled,0c64770ba5bd56592fc3071cd5d927108cd5893ddf8ae52b5fd1fbaccb0b31ea,e647a8e2813f0e0772a364e8bf1c4ad1baa390bed2331a22fab2560790128ade
06-tbt-library/tbt-source-083-first-day-on-the-job-ii-v3-0-draft.docx,tbt-source-083-first-day-on-the-job-ii,,MANAGEMENT_REVIEW,,06-tbt-library,3.0,DRAFT,NOT_SUPERSEDED,NOT_APPLICABLE,ACTIVE,YES,YES,2,Page X of Y,TBT,Safety Department,2.2-development,Build Manifest controlled,2c304b7ac222c3729985a9d94276e135560d06d3ab2acdf90cba2eba4e1dbb1e,c76f3b028908dc3de8a9ae5485e8366d298206866247d61a4d255157bdeb9dd9
06-tbt-library/tbt-source-084-harassment-and-discrimination-v3-0-draft.docx,tbt-source-084-harassment-and-discrimination,,MANAGEMENT_REVIEW,,06-tbt-library,3.0,DRAFT,NOT_SUPERSEDED,NOT_APPLICABLE,ACTIVE,YES,YES,2,Page X of Y,TBT,Safety Department,2.2-development,Build Manifest controlled,39dd2bf36be6d33c53495c9b4eeeb59589e09219814763fdb61b3acb6a09f403,7aec8c4f6ce49ae63b09105783202967c76d738f264e95ca5963a049be0bc010
06-tbt-library/tbt-source-085-bad-habits-and-how-to-change-them-v3-0-draft.docx,tbt-source-085-bad-habits-and-how-to-change-them,,MANAGEMENT_REVIEW,,06-tbt-library,3.0,DRAFT,NOT_SUPERSEDED,NOT_APPLICABLE,ACTIVE,YES,YES,2,Page X of Y,TBT,Safety Department,2.2-development,Build Manifest controlled,f0c7023c0f5a65632753cd5f685a410ccacb5674cd2a4a5845d673259d89f4d7,a6fa1d299aec89036988d5190191ac78be8fb1bab385e03cc02ffa98aad290b6
06-tbt-library/tbt-source-086-unsafe-acts-v3-0-draft.docx,tbt-source-086-unsafe-acts,,MANAGEMENT_REVIEW,,06-tbt-library,3.0,DRAFT,NOT_SUPERSEDED,NOT_APPLICABLE,ACTIVE,YES,YES,2,Page X of Y,TBT,Safety Department,2.2-development,Build Manifest controlled,acfdd9f0edf8a108599285a4e39a418d8e4787667f0481bf02fb135870446145,8254fc6b4a2e2d24e60595edf6e4fbe8977af798ee6b70e40fb37e17877a45f5
06-tbt-library/tbt-source-087-horseplay-v3-0-draft.docx,tbt-source-087-horseplay,,MANAGEMENT_REVIEW,,06-tbt-library,3.0,DRAFT,NOT_SUPERSEDED,NOT_APPLICABLE,ACTIVE,YES,YES,2,Page X of Y,TBT,Safety Department,2.2-development,Build Manifest controlled,81f368cab922d5ae0c526579333b276acd0031449c36f8180e723d2111d259c2,bb703d207db9f25163c8e615dce0a1482236b110adcaa384f1e8b53bb9719c8e
06-tbt-library/tbt-source-088-practical-jokes-games-and-contests-v3-0-draft.docx,tbt-source-088-practical-jokes-games-and-contests,,MANAGEMENT_REVIEW,,06-tbt-library,3.0,DRAFT,NOT_SUPERSEDED,NOT_APPLICABLE,ACTIVE,YES,YES,2,Page X of Y,TBT,Safety Department,2.2-development,Build Manifest controlled,6ea4f0497123432ef015bb87a6a1f6f0d1d9406747e7cab3e4346c69f68f1c4a,cca18b219dbfc0f38e1d3d876421348601d90f189f481070eaf9cbd743bd2a77
06-tbt-library/tbt-source-089-stress-management-v3-0-draft.docx,tbt-source-089-stress-management,,MANAGEMENT_REVIEW,,06-tbt-library,3.0,DRAFT,NOT_SUPERSEDED,NOT_APPLICABLE,ACTIVE,YES,YES,2,Page X of Y,TBT,Safety Department,2.2-development,Build Manifest controlled,dd06c0f02c02ddbca8da4a29fb7d545caa5ce8ea6cc8cefffe608ea6a8667e31,2c0cff77a9b9166f4f5a5deff45dce0570e4534097d7d317bc796863964834d9
06-tbt-library/tbt-source-090-partners-in-safety-your-coworkers-and-you-v3-0-draft.docx,tbt-source-090-partners-in-safety-your-coworkers-and-you,,MANAGEMENT_REVIEW,,06-tbt-library,3.0,DRAFT,NOT_SUPERSEDED,NOT_APPLICABLE,ACTIVE,YES,YES,2,Page X of Y,TBT,Safety Department,2.2-development,Build Manifest controlled,4f9f50538a8f6e47655613bb0e7e0978aafcebdaaeec44b3e34c9ef36e8ca0ce,58f78ddcca7d52075aded2eced6a3479707677aeefb8f3af7741582e451d39c7
06-tbt-library/tbt-source-091-msds-i-v3-0-draft.docx,tbt-source-091-msds-i,,MANAGEMENT_REVIEW,,06-tbt-library,3.0,DRAFT,NOT_SUPERSEDED,NOT_APPLICABLE,ACTIVE,YES,YES,2,Page X of Y,TBT,Safety Department,2.2-development,Build Manifest controlled,0d044a69c61fc8b5a415f20fb723d875962af54ad8bad5575fdbd6bf7c1bb2e2,87601de5eb5b44a4121789eae5bb4fdc68badc1f83130cdd145bdfb7e65a9ca0
06-tbt-library/tbt-source-092-msds-ii-v3-0-draft.docx,tbt-source-092-msds-ii,,MANAGEMENT_REVIEW,,06-tbt-library,3.0,DRAFT,NOT_SUPERSEDED,NOT_APPLICABLE,ACTIVE,YES,YES,2,Page X of Y,TBT,Safety Department,2.2-development,Build Manifest controlled,fc6237da51460caf5c91f89804bf671f3622fb5985b476f1dde96e21d382d893,90d5c255a75b7d5db7510af14acf44815cea61522d6aa53955c55a20ad5a99b1
06-tbt-library/tbt-source-093-hazardous-materials-v3-0-draft.docx,tbt-source-093-hazardous-materials,,MANAGEMENT_REVIEW,,06-tbt-library,3.0,DRAFT,NOT_SUPERSEDED,NOT_APPLICABLE,ACTIVE,YES,YES,2,Page X of Y,TBT,Safety Department,2.2-development,Build Manifest controlled,e31b186c92c7d2b4379dd2cbe75203fd98d2a5daa075beaf42b7bc33f91452c9,9018cc4cbb5e3d2b155416c6dbeb4600ccd937b97d72ed5350d6b3be27efa15f
06-tbt-library/tbt-source-094-electrical-safety-i-v3-0-draft.docx,tbt-source-094-electrical-safety-i,,MANAGEMENT_REVIEW,,06-tbt-library,3.0,DRAFT,NOT_SUPERSEDED,NOT_APPLICABLE,ACTIVE,YES,YES,2,Page X of Y,TBT,Safety Department,2.2-development,Build Manifest controlled,ee0919f8c0dec00f98ebc8d4e6b3b2ba5f4e50f3ced863d76e987de1f393f208,bb4f07004015ac525bd59053058b3a338ccc4ed0c9ee63fc488db14fa5346535
06-tbt-library/tbt-source-095-electrical-safety-ii-v3-0-draft.docx,tbt-source-095-electrical-safety-ii,,MANAGEMENT_REVIEW,,06-tbt-library,3.0,DRAFT,NOT_SUPERSEDED,NOT_APPLICABLE,ACTIVE,YES,YES,2,Page X of Y,TBT,Safety Department,2.2-development,Build Manifest controlled,ccc61844c9751c6a7633de61e0ef36ee641aa7737ff48a6c03028926e2e7ec00,98c1f231f0fee504e048facfd90a041fdd52df413fed7cde48e55e731a5cd33e
06-tbt-library/tbt-source-096-grounding-portable-electric-tools-v3-0-draft.docx,tbt-source-096-grounding-portable-electric-tools,,MANAGEMENT_REVIEW,,06-tbt-library,3.0,DRAFT,NOT_SUPERSEDED,NOT_APPLICABLE,ACTIVE,YES,YES,2,Page X of Y,TBT,Safety Department,2.2-development,Build Manifest controlled,91fed0ddd744dbb246b436dc103888194517467b959cad277e439c480fccad15,319088f24681eda52077fd10c8d3b344b547aaacfd153881007664403b3aec83
06-tbt-library/tbt-source-097-extend-your-knowledge-of-extension-cord-safety-v3-0-draft.docx,tbt-source-097-extend-your-knowledge-of-extension-cord-safety,,MANAGEMENT_REVIEW,,06-tbt-library,3.0,DRAFT,NOT_SUPERSEDED,NOT_APPLICABLE,ACTIVE,YES,YES,2,Page X of Y,TBT,Safety Department,2.2-development,Build Manifest controlled,0874b1371bbe4f73b0563456ec860beeb41d62d33040ad7d23f0a7644909bd3b,2090ce0c478b4c7f2b16ce3f701cfe2dc61f64291fedab3bc26be4678069b440
06-tbt-library/tbt-source-098-distractions-v3-0-draft.docx,tbt-source-098-distractions,,MANAGEMENT_REVIEW,,06-tbt-library,3.0,DRAFT,NOT_SUPERSEDED,NOT_APPLICABLE,ACTIVE,YES,YES,2,Page X of Y,TBT,Safety Department,2.2-development,Build Manifest controlled,d3aafe560f847913397952c40ec35d4fcc424d51390def347c9e0a331ef73257,721abc78388ed263db44852dbb167cf88d27fd640754d77628871e2d7986a577
06-tbt-library/tbt-source-099-protecting-the-public-v3-0-draft.docx,tbt-source-099-protecting-the-public,,MANAGEMENT_REVIEW,,06-tbt-library,3.0,DRAFT,NOT_SUPERSEDED,NOT_APPLICABLE,ACTIVE,YES,YES,2,Page X of Y,TBT,Safety Department,2.2-development,Build Manifest controlled,24e60359905ee4aea110c9e24f082127a9d9e6ee826d95b1d6c96e671f757d44,7e13b5952df50fb9ba1069af52b32231162c767b1a28713a5b2f55308cfa983c
06-tbt-library/tbt-source-100-kids-and-construction-v3-0-draft.docx,tbt-source-100-kids-and-construction,,MANAGEMENT_REVIEW,,06-tbt-library,3.0,DRAFT,NOT_SUPERSEDED,NOT_APPLICABLE,ACTIVE,YES,YES,2,Page X of Y,TBT,Safety Department,2.2-development,Build Manifest controlled,05384631bf792738dacdcf0b5aba9cadd5a0389b2f253fa13817965d3277dbd0,9b3b5a522f126ca6fa552048fc311c81415144fdfabf10949b6032d39a833e04
06-tbt-library/tbt-source-101-a-rock-and-a-hard-place-v3-0-draft.docx,tbt-source-101-a-rock-and-a-hard-place,,MANAGEMENT_REVIEW,,06-tbt-library,3.0,DRAFT,NOT_SUPERSEDED,NOT_APPLICABLE,ACTIVE,YES,YES,2,Page X of Y,TBT,Safety Department,2.2-development,Build Manifest controlled,b67a3d2ae79660793c3803d0951cddd531c11f5aa75cd052ce389e476b76c9b1,e8635c3c5b47dd9d696669b7f6867ee4d1f15d4f827bad175d3ac9e27f4dd484
06-tbt-library/tbt-source-102-don-t-make-these-mistakes-v3-0-draft.docx,tbt-source-102-don-t-make-these-mistakes,,MANAGEMENT_REVIEW,,06-tbt-library,3.0,DRAFT,NOT_SUPERSEDED,NOT_APPLICABLE,ACTIVE,YES,YES,2,Page X of Y,TBT,Safety Department,2.2-development,Build Manifest controlled,3782a59d3446cf10b97622af887877523be4da3eaf7c3b0db7e0c745e61bc8cb,f9f78479d96c9624d944620c7f02892837fd7f891c8b234795256cf598c612d9
06-tbt-library/tbt-source-103-housekeeping-and-cleanliness-v3-0-draft.docx,tbt-source-103-housekeeping-and-cleanliness,,MANAGEMENT_REVIEW,,06-tbt-library,3.0,DRAFT,NOT_SUPERSEDED,NOT_APPLICABLE,ACTIVE,YES,YES,2,Page X of Y,TBT,Safety Department,2.2-development,Build Manifest controlled,8b10eb4dc9a4f7056c5f4d82aafc8b570bf29e7f5b6d96d0717181bc6e07be06,53920891cd6918e9099df8e83427b3a8d2a9d3d91823e8cabd7c538b2d6beb5f
06-tbt-library/tbt-source-104-safety-never-takes-a-break-v3-0-draft.docx,tbt-source-104-safety-never-takes-a-break,,MANAGEMENT_REVIEW,,06-tbt-library,3.0,DRAFT,NOT_SUPERSEDED,NOT_APPLICABLE,ACTIVE,YES,YES,2,Page X of Y,TBT,Safety Department,2.2-development,Build Manifest controlled,cd4bf57e57a52645e8749c1d198a6381b7fbd02a377a388879d1cb3f79696bcd,821b2a1875ca820357ee489be8d837afaadb35521a6dd23b6ed14de511618636
06-tbt-library/tbt-source-105-cell-phones-v3-0-draft.docx,tbt-source-105-cell-phones,,MANAGEMENT_REVIEW,,06-tbt-library,3.0,DRAFT,NOT_SUPERSEDED,NOT_APPLICABLE,ACTIVE,YES,YES,2,Page X of Y,TBT,Safety Department,2.2-development,Build Manifest controlled,890a26e0bd455230e75cd036f127b08e6c3660fb95cfb76ce06972428a79682f,5d640b57f8810207ea0332537d2f9d0b16664b3d3f44743b5e789e60da8c96ab
06-tbt-library/tbt-source-106-safe-and-sober-v3-0-draft.docx,tbt-source-106-safe-and-sober,,MANAGEMENT_REVIEW,,06-tbt-library,3.0,DRAFT,NOT_SUPERSEDED,NOT_APPLICABLE,ACTIVE,YES,YES,2,Page X of Y,TBT,Safety Department,2.2-development,Build Manifest controlled,3d5188f505a14137a65e1a481b2476c4694ef98a4e1c7579c8d1d6f075d6dcb7,b457a09ef166a450a2d1c9c66794e6a962c18fa045ac89a6b461889153c2da5e
06-tbt-library/tbt-source-107-substance-abuse-v3-0-draft.docx,tbt-source-107-substance-abuse,,MANAGEMENT_REVIEW,,06-tbt-library,3.0,DRAFT,NOT_SUPERSEDED,NOT_APPLICABLE,ACTIVE,YES,YES,2,Page X of Y,TBT,Safety Department,2.2-development,Build Manifest controlled,4190155ad72fa2ed682aa366e913a88fd6d57693ebdf0ea30da02367be9dc8a1,aadfeb55b8dc98baeb5058dfc034bbb345ec956c4d0d118119aeaffff6cf2cfa
06-tbt-library/tbt-source-108-security-and-theft-protection-v3-0-draft.docx,tbt-source-108-security-and-theft-protection,,MANAGEMENT_REVIEW,,06-tbt-library,3.0,DRAFT,NOT_SUPERSEDED,NOT_APPLICABLE,ACTIVE,YES,YES,2,Page X of Y,TBT,Safety Department,2.2-development,Build Manifest controlled,53d53743a8f0cb5e2c25bb57351d3b270d79e6a775c5cb5284b2dfafee60de32,210a00f39507f03f2401e37501cf13d728509eb5e90c33d66a8bacb5873c563b
06-tbt-library/tbt-source-109-hot-weather-safety-v3-0-draft.docx,tbt-source-109-hot-weather-safety,,MANAGEMENT_REVIEW,,06-tbt-library,3.0,DRAFT,NOT_SUPERSEDED,NOT_APPLICABLE,ACTIVE,YES,YES,2,Page X of Y,TBT,Safety Department,2.2-development,Build Manifest controlled,60ab0c2439f4b399f40e45f2139501a8d66d4d396343c57278cdd901788c0a5b,762515e62aa8befa39906e1c7188d02197cedc671694d9b8e21a35aa66e25530
06-tbt-library/tbt-source-110-be-cool-this-summer-v3-0-draft.docx,tbt-source-110-be-cool-this-summer,,MANAGEMENT_REVIEW,,06-tbt-library,3.0,DRAFT,NOT_SUPERSEDED,NOT_APPLICABLE,ACTIVE,YES,YES,2,Page X of Y,TBT,Safety Department,2.2-development,Build Manifest controlled,5ee260b23ab40da91b2c8d2ba48783a4aac6f1f60d93647a400ad15897406ac7,cc2edc394b89badf0e01dca5494f915e3f2c379ba3a4818c6895cf2e3094d0fa
06-tbt-library/tbt-source-111-severe-weather-v3-0-draft.docx,tbt-source-111-severe-weather,,MANAGEMENT_REVIEW,,06-tbt-library,3.0,DRAFT,NOT_SUPERSEDED,NOT_APPLICABLE,ACTIVE,YES,YES,2,Page X of Y,TBT,Safety Department,2.2-development,Build Manifest controlled,94628a177e8164ce73042c0942441ea240f9a3a613eb87501b3d9b4cf5420ff8,43d89f9a0dc17530dd142419380ed4ef82aca080be2c64d28e4d15f4d84d4b00
06-tbt-library/tbt-source-112-storm-watch-be-prepared-v3-0-draft.docx,tbt-source-112-storm-watch-be-prepared,,MANAGEMENT_REVIEW,,06-tbt-library,3.0,DRAFT,NOT_SUPERSEDED,NOT_APPLICABLE,ACTIVE,YES,YES,2,Page X of Y,TBT,Safety Department,2.2-development,Build Manifest controlled,668e942fe67f5922b756236536fecbd0ef4cd0552b4756102dafefab298ef3a6,0a691117739dbfeefa66a9624dd9bdd17772b4f3c8192c0d40ccfb6f19ebcaf5
06-tbt-library/tbt-source-113-wind-rain-and-lightning-v3-0-draft.docx,tbt-source-113-wind-rain-and-lightning,,MANAGEMENT_REVIEW,,06-tbt-library,3.0,DRAFT,NOT_SUPERSEDED,NOT_APPLICABLE,ACTIVE,YES,YES,2,Page X of Y,TBT,Safety Department,2.2-development,Build Manifest controlled,93b7f97e366351920d5c41493f118e0b4677d86825d3ff7d7fa1f8ba9a5b567a,79d8d50bc84e64d78bfcd5315a1abf0246d3a20bbce049b27507659be61f887b
06-tbt-library/tbt-source-114-cold-weather-safety-v3-0-draft.docx,tbt-source-114-cold-weather-safety,,MANAGEMENT_REVIEW,,06-tbt-library,3.0,DRAFT,NOT_SUPERSEDED,NOT_APPLICABLE,ACTIVE,YES,YES,2,Page X of Y,TBT,Safety Department,2.2-development,Build Manifest controlled,0b0c14f7f1a228a6c2268e768f9f15a84601bdb40cff18f75f2a5afd225e3726,4bee5fd37c5b677d62cc7d45e7a0991f5fd9317f74ea5c8f2880db29b3a972c4
06-tbt-library/tbt-source-115-cold-weather-v3-0-draft.docx,tbt-source-115-cold-weather,,MANAGEMENT_REVIEW,,06-tbt-library,3.0,DRAFT,NOT_SUPERSEDED,NOT_APPLICABLE,ACTIVE,YES,YES,2,Page X of Y,TBT,Safety Department,2.2-development,Build Manifest controlled,b7aa1925c0b99bd3fe8dc7539326e8077dc054d67272b9cac286ebb7d4a59bcd,3f8676ef1782f425387461fe8cceaa050860e49d69a547e631aac49a55b34f6f
06-tbt-library/tbt-source-116-skin-cancer-v3-0-draft.docx,tbt-source-116-skin-cancer,,MANAGEMENT_REVIEW,,06-tbt-library,3.0,DRAFT,NOT_SUPERSEDED,NOT_APPLICABLE,ACTIVE,YES,YES,2,Page X of Y,TBT,Safety Department,2.2-development,Build Manifest controlled,d7b1ecd81dbafa9c8839625c12c14d07536c202365b1b190b13f009ec79c823c,714262eb942efd14c7b64347b4fcb8c3af351d2dc595a85abfd80a77bc2275c6
06-tbt-library/tbt-source-117-stay-cool-when-it-s-hot-v3-0-draft.docx,tbt-source-117-stay-cool-when-it-s-hot,,MANAGEMENT_REVIEW,,06-tbt-library,3.0,DRAFT,NOT_SUPERSEDED,NOT_APPLICABLE,ACTIVE,YES,YES,2,Page X of Y,TBT,Safety Department,2.2-development,Build Manifest controlled,6871b48fbbd0e60f8184bcaca4feadb9b3c5ed7444022f5b2beb1a383aea1b1c,c7807103fbf7ab4c948cd8fbaf5b35a2a610b5d70b44cfaeb15037f89654ca08
06-tbt-library/tbt-source-118-staying-cool-in-hot-weather-v3-0-draft.docx,tbt-source-118-staying-cool-in-hot-weather,,MANAGEMENT_REVIEW,,06-tbt-library,3.0,DRAFT,NOT_SUPERSEDED,NOT_APPLICABLE,ACTIVE,YES,YES,2,Page X of Y,TBT,Safety Department,2.2-development,Build Manifest controlled,39e8717ed97e7bd6d200576a9f940068205d76596e3db3748ff2741fbb7bf0f4,d0a21b8806918fb6e2476cbc36bac1d1df8821be5d7702db3bd1652052931db9
06-tbt-library/tbt-source-119-ergonomics-i-v3-0-draft.docx,tbt-source-119-ergonomics-i,,MANAGEMENT_REVIEW,,06-tbt-library,3.0,DRAFT,NOT_SUPERSEDED,NOT_APPLICABLE,ACTIVE,YES,YES,2,Page X of Y,TBT,Safety Department,2.2-development,Build Manifest controlled,400874c1d9a3ecda60703eb1ee39c42df90642af6b2a5c68906892fb1c9511dc,08cdfb7ef48a0bd590b68b91b7e571701eb463e342afc0c8531e489bbe3cfc1e
06-tbt-library/tbt-source-120-ergonomics-ii-v3-0-draft.docx,tbt-source-120-ergonomics-ii,,MANAGEMENT_REVIEW,,06-tbt-library,3.0,DRAFT,NOT_SUPERSEDED,NOT_APPLICABLE,ACTIVE,YES,YES,2,Page X of Y,TBT,Safety Department,2.2-development,Build Manifest controlled,619b4113645b75c0276f52cf02d059f761ef9cadb4e1aa2530c1dd8c48e7ee77,9686f4b28a036774bc5ad6bf810699e1202dd4c61527012ca6785395a730d706
06-tbt-library/tbt-source-121-proper-lifting-techniques-v3-0-draft.docx,tbt-source-121-proper-lifting-techniques,,MANAGEMENT_REVIEW,,06-tbt-library,3.0,DRAFT,NOT_SUPERSEDED,NOT_APPLICABLE,ACTIVE,YES,YES,2,Page X of Y,TBT,Safety Department,2.2-development,Build Manifest controlled,84f9b2ec038dcf9d5a76d60064842fa3dc496f44a4096c2d180064ed15ee1e4a,9e7de2e85d05b44a685bb98cfef97111b7c302b063978fd518a9ffb239c0fd37
06-tbt-library/tbt-source-122-give-your-back-a-break-v3-0-draft.docx,tbt-source-122-give-your-back-a-break,,MANAGEMENT_REVIEW,,06-tbt-library,3.0,DRAFT,NOT_SUPERSEDED,NOT_APPLICABLE,ACTIVE,YES,YES,2,Page X of Y,TBT,Safety Department,2.2-development,Build Manifest controlled,66bf5d632b1fc39fb4006a2e70b5c09fdf6b98580ab3e5fc114ce13151dba3bd,4f574abe1fb0cc5bf1c5206932cd6f30ef80e4ffd8db8be4ba17ff235e1c1ea5
06-tbt-library/tbt-source-123-lift-properly-v3-0-draft.docx,tbt-source-123-lift-properly,,MANAGEMENT_REVIEW,,06-tbt-library,3.0,DRAFT,NOT_SUPERSEDED,NOT_APPLICABLE,ACTIVE,YES,YES,2,Page X of Y,TBT,Safety Department,2.2-development,Build Manifest controlled,0c1d4e9a56799a4db1525019a9ad76cb3fd6d5258dab3b06100a4095ecbdddab,53d08775cd347ac94074cb25a03f067ecc74b8bca99204bfaa4a3b5531012fd2
06-tbt-library/tbt-source-124-material-handling-i-v3-0-draft.docx,tbt-source-124-material-handling-i,,MANAGEMENT_REVIEW,,06-tbt-library,3.0,DRAFT,NOT_SUPERSEDED,NOT_APPLICABLE,ACTIVE,YES,YES,2,Page X of Y,TBT,Safety Department,2.2-development,Build Manifest controlled,48da56a62620edaaf6825e40359cfd0240bdf148d08a0b036a205dfc4306c030,b54dbe1748ef30fe7df2190ecbba6f1539b4a7ab11ff83d9ba8ad12f8de96cf1
06-tbt-library/tbt-source-125-material-handling-ii-v3-0-draft.docx,tbt-source-125-material-handling-ii,,MANAGEMENT_REVIEW,,06-tbt-library,3.0,DRAFT,NOT_SUPERSEDED,NOT_APPLICABLE,ACTIVE,YES,YES,2,Page X of Y,TBT,Safety Department,2.2-development,Build Manifest controlled,cfd709c8b4edcc47e33cb41925aeee5e9e24f22c251bafd51fb326f3fcf2cb9c,54b00421decf7f82318cc321481faf48c74292327aeb87c47b81a7aac79e9917
06-tbt-library/tbt-source-126-handling-materials-v3-0-draft.docx,tbt-source-126-handling-materials,,MANAGEMENT_REVIEW,,06-tbt-library,3.0,DRAFT,NOT_SUPERSEDED,NOT_APPLICABLE,ACTIVE,YES,YES,2,Page X of Y,TBT,Safety Department,2.2-development,Build Manifest controlled,39614affdc2ca312ad2b98348052db63f06adbf168c15c0f0dc7ff9356b2e890,7396fd03649267abf839d03992c3fd89c2246700ec9f8f727ee71a43514ae798
06-tbt-library/tbt-source-127-store-it-stack-it-and-secure-it-v3-0-draft.docx,tbt-source-127-store-it-stack-it-and-secure-it,,MANAGEMENT_REVIEW,,06-tbt-library,3.0,DRAFT,NOT_SUPERSEDED,NOT_APPLICABLE,ACTIVE,YES,YES,2,Page X of Y,TBT,Safety Department,2.2-development,Build Manifest controlled,8152cd066cc101a09e79fde96b59e860eb3ee6874ac0e9cbbac3e682fec5e4e9,4bc81aa5032b88f6150a12ae7cb17594fa7bf20ccffdc23f3c0b90de51678e70
06-tbt-library/tbt-source-128-storage-of-flammables-v3-0-draft.docx,tbt-source-128-storage-of-flammables,,MANAGEMENT_REVIEW,,06-tbt-library,3.0,DRAFT,NOT_SUPERSEDED,NOT_APPLICABLE,ACTIVE,YES,YES,2,Page X of Y,TBT,Safety Department,2.2-development,Build Manifest controlled,97c1905b6050eb93a4a926799a5f67f25419afd3f557a33bec957175ea34e467,44c46774daff9d92bfe6d1f9d5e31386edea6792fd1b39a16583c55e310f7f39
06-tbt-library/tbt-source-129-think-before-you-lift-v3-0-draft.docx,tbt-source-129-think-before-you-lift,,MANAGEMENT_REVIEW,,06-tbt-library,3.0,DRAFT,NOT_SUPERSEDED,NOT_APPLICABLE,ACTIVE,YES,YES,2,Page X of Y,TBT,Safety Department,2.2-development,Build Manifest controlled,f0b4118d899912cc7687c5bc06c623ece70c2afa8f6c6ea4f40fc080b0f11081,aa9435c68878a05ed9ca97f595d03e670d9f45e64d5389cfe6a56005f378efb1
06-tbt-library/tbt-source-130-preventing-back-injuries-v3-0-draft.docx,tbt-source-130-preventing-back-injuries,,MANAGEMENT_REVIEW,,06-tbt-library,3.0,DRAFT,NOT_SUPERSEDED,NOT_APPLICABLE,ACTIVE,YES,YES,2,Page X of Y,TBT,Safety Department,2.2-development,Build Manifest controlled,6b17384f02944b2609d3779e7364ef41ef93fe365490affb9af7c8ba71b4c962,103bdf1eec7656dedaa89ab5f313c66b24cae984385c5b981d6bb4ecc01e2786
06-tbt-library/tbt-source-131-personal-protective-equipment-v3-0-draft.docx,tbt-source-131-personal-protective-equipment,,MANAGEMENT_REVIEW,,06-tbt-library,3.0,DRAFT,NOT_SUPERSEDED,NOT_APPLICABLE,ACTIVE,YES,YES,2,Page X of Y,TBT,Safety Department,2.2-development,Build Manifest controlled,b46cce99e2569f7f7d7a480eca339bb72a85df180ba81cd5669f9e1901a1b8c6,5b2abf7bda57195e5e7f5534d5fa32eba71f2f1b396b6fdece7d9a765bd349dc
06-tbt-library/tbt-source-132-hard-hats-i-v3-0-draft.docx,tbt-source-132-hard-hats-i,,MANAGEMENT_REVIEW,,06-tbt-library,3.0,DRAFT,NOT_SUPERSEDED,NOT_APPLICABLE,ACTIVE,YES,YES,2,Page X of Y,TBT,Safety Department,2.2-development,Build Manifest controlled,e0f821afa52fcb67c3c9da036c746a38b48242840dcdf943bc8e491001f28274,7b1208131ffd53fb499ab072b4547912890d3ed6875c9d6b9dac1d93bac13050
06-tbt-library/tbt-source-133-hard-hats-ii-v3-0-draft.docx,tbt-source-133-hard-hats-ii,,MANAGEMENT_REVIEW,,06-tbt-library,3.0,DRAFT,NOT_SUPERSEDED,NOT_APPLICABLE,ACTIVE,YES,YES,2,Page X of Y,TBT,Safety Department,2.2-development,Build Manifest controlled,d1aa9a045f1af48d7d1a15141f422fae71d2fe713e1ceb25f26ab6d40ef02612,f9471a98ac824a351123c544038dc4752097e51cedc16c46c3108e85cc15a520
06-tbt-library/tbt-source-134-eye-protection-v3-0-draft.docx,tbt-source-134-eye-protection,,MANAGEMENT_REVIEW,,06-tbt-library,3.0,DRAFT,NOT_SUPERSEDED,NOT_APPLICABLE,ACTIVE,YES,YES,2,Page X of Y,TBT,Safety Department,2.2-development,Build Manifest controlled,4e54819fc31b51f648e75d0d2cfd96f5b06bef5743100ec26b984698817836f7,f19358ce5532281512a27e6549deb1c58daf7dd991c70fbdf271fefb00cdc559
06-tbt-library/tbt-source-135-safety-as-far-as-the-eye-can-see-v3-0-draft.docx,tbt-source-135-safety-as-far-as-the-eye-can-see,,MANAGEMENT_REVIEW,,06-tbt-library,3.0,DRAFT,NOT_SUPERSEDED,NOT_APPLICABLE,ACTIVE,YES,YES,2,Page X of Y,TBT,Safety Department,2.2-development,Build Manifest controlled,3a193f8c0cda67e96866341fe03cbccf0ae6208cef4c171129823926ed2ed6c8,3e57aa37058ebda91288a4c6ecadd269f47a8144747e6e63f729642b665b6e24
06-tbt-library/tbt-source-136-noise-and-your-hearing-v3-0-draft.docx,tbt-source-136-noise-and-your-hearing,,MANAGEMENT_REVIEW,,06-tbt-library,3.0,DRAFT,NOT_SUPERSEDED,NOT_APPLICABLE,ACTIVE,YES,YES,2,Page X of Y,TBT,Safety Department,2.2-development,Build Manifest controlled,a4785f6c1409c911d540386d0613da45552cd48c5ef539c420afaaa4b7c6e05b,4f5ed5615529defc90771c065b6bda19c74c0dd61ef8630e7a4e0500e9daa685
06-tbt-library/tbt-source-137-now-hear-this-v3-0-draft.docx,tbt-source-137-now-hear-this,,MANAGEMENT_REVIEW,,06-tbt-library,3.0,DRAFT,NOT_SUPERSEDED,NOT_APPLICABLE,ACTIVE,YES,YES,2,Page X of Y,TBT,Safety Department,2.2-development,Build Manifest controlled,bf92c67163ae47a4f5347548b8e2b82c6eaffd89b040985e485074726e521931,eca1fecb218c852cf0a7c26c69488b3aade26642e9bb5d0ac2b7993efaf60d98
06-tbt-library/tbt-source-138-breathing-easy-v3-0-draft.docx,tbt-source-138-breathing-easy,,MANAGEMENT_REVIEW,,06-tbt-library,3.0,DRAFT,NOT_SUPERSEDED,NOT_APPLICABLE,ACTIVE,YES,YES,2,Page X of Y,TBT,Safety Department,2.2-development,Build Manifest controlled,f77123803602585b428a8b3072f2cb5d301fe9eb35379d5b6edcab43bb63fa2a,9afd9601e480b7788ca82499d5f08c9a562136d0e0d6f95c4a76e6d46dee1a94
06-tbt-library/tbt-source-139-hand-injuries-v3-0-draft.docx,tbt-source-139-hand-injuries,,MANAGEMENT_REVIEW,,06-tbt-library,3.0,DRAFT,NOT_SUPERSEDED,NOT_APPLICABLE,ACTIVE,YES,YES,2,Page X of Y,TBT,Safety Department,2.2-development,Build Manifest controlled,0e97c8313bab46f31f5b89eaae53ed6bcc85441b03436c9fea99e9e4c80885f6,761a475f984c704f7418c02f45a64c16ad32865354f8735cb914d6aef52196f2
06-tbt-library/tbt-source-140-preventing-hand-injuries-v3-0-draft.docx,tbt-source-140-preventing-hand-injuries,,MANAGEMENT_REVIEW,,06-tbt-library,3.0,DRAFT,NOT_SUPERSEDED,NOT_APPLICABLE,ACTIVE,YES,YES,2,Page X of Y,TBT,Safety Department,2.2-development,Build Manifest controlled,71917071a8b3323a0a567a992746f1af67e3ff07adbc709e1a1c8a0900c42812,201db02d74d443148b657a8fea501ed92a533cae74d0938a7fff060a4e45d7ff
06-tbt-library/tbt-source-141-foot-protection-v3-0-draft.docx,tbt-source-141-foot-protection,,MANAGEMENT_REVIEW,,06-tbt-library,3.0,DRAFT,NOT_SUPERSEDED,NOT_APPLICABLE,ACTIVE,YES,YES,2,Page X of Y,TBT,Safety Department,2.2-development,Build Manifest controlled,1eeb3137393473c1178944a6751bfc23104fad01188eaf4db4f5b23144207270,1f6c51a8a59b5811e9ddcb25692173743771a3c15d4e7183b92f536f7bb9fa0d
07-sds-library/sds-qr-01-portland-cement-v1-0-draft.docx,sds-qr-01-portland-cement,,NOT_ESTABLISHED,,07-sds-library,1.0,DRAFT,NOT_SUPERSEDED,NOT_APPLICABLE,ACTIVE,YES,YES,2,Page X of Y,07-sds-library,Safety Department,2.2-development,Build Manifest controlled,c77d85b747325d7da3b2e03df4ddf240d11f1c4217f5eba7c877171ec0f1b70e,87c63aab0f9bfa07c3b8e2d3a1f3813c7f7ac77287a986479239d577f5b740a3
07-sds-library/sds-qr-02-pvc-solvent-cement-v1-0-draft.docx,sds-qr-02-pvc-solvent-cement,,NOT_ESTABLISHED,,07-sds-library,1.0,DRAFT,NOT_SUPERSEDED,NOT_APPLICABLE,ACTIVE,YES,YES,2,Page X of Y,07-sds-library,Safety Department,2.2-development,Build Manifest controlled,a24294589592215101840553ec74cc999070bbb97a2e083528c22cb2abee0624,6e57a43e9732e613dc6306b2709f50a0679c99087eee5d4792689c227e657efe
07-sds-library/sds-qr-03-spray-polyurethane-foam-v1-0-draft.docx,sds-qr-03-spray-polyurethane-foam,,NOT_ESTABLISHED,,07-sds-library,1.0,DRAFT,NOT_SUPERSEDED,NOT_APPLICABLE,ACTIVE,YES,YES,2,Page X of Y,07-sds-library,Safety Department,2.2-development,Build Manifest controlled,62446a1e4fef4b4a3a31ec4c8723786faec704818f997f62be3bef086de9f4c5,237a02fd41e701010dad63d7e1f12c0e135fbc977fb690ea8c980d9ab550c4a3
07-sds-library/sds-qr-04-diesel-fuel-v1-0-draft.docx,sds-qr-04-diesel-fuel,,NOT_ESTABLISHED,,07-sds-library,1.0,DRAFT,NOT_SUPERSEDED,NOT_APPLICABLE,ACTIVE,YES,YES,2,Page X of Y,07-sds-library,Safety Department,2.2-development,Build Manifest controlled,0febf3caa805fead8ae69a6a4fada48c02dae09f6cf31488df01746406ecd2ff,ddffc08721dc2c8d42107890ab3935ea53803e21a5a566cb97e2a404381deea5
07-sds-library/sds-qr-05-silica-dust-v1-0-draft.docx,sds-qr-05-silica-dust,,NOT_ESTABLISHED,,07-sds-library,1.0,DRAFT,NOT_SUPERSEDED,NOT_APPLICABLE,ACTIVE,YES,YES,2,Page X of Y,07-sds-library,Safety Department,2.2-development,Build Manifest controlled,1bd3221b507a71b1d8c3a5f3211d313171b1f22af938ce04243403f80f7095c3,5271a24749c503367380bff4f9ac22c21512ba9450766f0609006e01fa2e2f18
07-sds-library/sds-qr-06-lead-paint-v1-0-draft.docx,sds-qr-06-lead-paint,,NOT_ESTABLISHED,,07-sds-library,1.0,DRAFT,NOT_SUPERSEDED,NOT_APPLICABLE,ACTIVE,YES,YES,2,Page X of Y,07-sds-library,Safety Department,2.2-development,Build Manifest controlled,07a510b6afa4a0c38b8d509bd89b37a50359797e7132f678aa2b6d26031c5034,b4cc4ec0a4c27cd78ea670a760adc3325919207a0777f01b2e62e5c9598676e2
07-sds-library/sds-qr-07-acetylene-gas-v1-0-draft.docx,sds-qr-07-acetylene-gas,,NOT_ESTABLISHED,,07-sds-library,1.0,DRAFT,NOT_SUPERSEDED,NOT_APPLICABLE,ACTIVE,YES,YES,2,Page X of Y,07-sds-library,Safety Department,2.2-development,Build Manifest controlled,1b2d1544cc2304534b983b89b5e2ffa7f75a1f593470e7d86bbce3f09dc27677,b47a743d18c911d33f66b6d8b2e90e5cd7a974f86120bbe14ebeea3d0b2edf04
07-sds-library/sds-qr-08-asbestos-acm-v1-0-draft.docx,sds-qr-08-asbestos-acm,,NOT_ESTABLISHED,,07-sds-library,1.0,DRAFT,NOT_SUPERSEDED,NOT_APPLICABLE,ACTIVE,YES,YES,2,Page X of Y,07-sds-library,Safety Department,2.2-development,Build Manifest controlled,10ac1ed0dabd3c240b2193403d792772f79d85b65e3bcecb40a9834789b92768,dad7912f09e025c98c5bdc614b67dbb37edb879c61e9a953d426ea068cd2ff8e
07-sds-library/sds-qr-09-hydraulic-fluid-v1-0-draft.docx,sds-qr-09-hydraulic-fluid,,NOT_ESTABLISHED,,07-sds-library,1.0,DRAFT,NOT_SUPERSEDED,NOT_APPLICABLE,ACTIVE,YES,YES,2,Page X of Y,07-sds-library,Safety Department,2.2-development,Build Manifest controlled,36f65950118137f512fc0179c1dc2381327851441460c6932eeac548c210b526,02694a89ac4f85c46fc50b775ede2185a13b0f132e8c715e34d766d83e2b717d
07-sds-library/sds-qr-10-propane-lpg-v1-0-draft.docx,sds-qr-10-propane-lpg,,NOT_ESTABLISHED,,07-sds-library,1.0,DRAFT,NOT_SUPERSEDED,NOT_APPLICABLE,ACTIVE,YES,YES,2,Page X of Y,07-sds-library,Safety Department,2.2-development,Build Manifest controlled,20927b93a58a0562156f345d6a82f000b10c4d7094c2e26f7ffbe01fc5d2083f,d14c5774648cc1b5c098ca86165c83af4efc2a5a75f8f31844a46372b045e12d
07-sds-library/sds-qr-11-lead-acid-batteries-v1-0-draft.docx,sds-qr-11-lead-acid-batteries,,NOT_ESTABLISHED,,07-sds-library,1.0,DRAFT,NOT_SUPERSEDED,NOT_APPLICABLE,ACTIVE,YES,YES,2,Page X of Y,07-sds-library,Safety Department,2.2-development,Build Manifest controlled,06a61655812b0127647f4eb7067cc7835ac2d56b170870a88fdf2c1e4d9b906a,4aa682733d7d7ef746b5a6a0facf593fb163763ab00c8a573d3e1b084164156b
08-forms-ehb/ehb-f-01-1-handbook-acknowledgment-v1-0-draft.docx,ehb-f-01-1-handbook-acknowledgment,EHB-F-01.1,ESTABLISHED,,08-forms-ehb,1.0,DRAFT,NOT_SUPERSEDED,NOT_APPLICABLE,ACTIVE,YES,YES,2,Page X of Y,08-forms-ehb,Document Control,2.2-development,Build Manifest controlled,7295aefa8f68f574664b5f16b818e31eaeeba12383205649876e062c71381697,85bfa1700969947ad4cccb14b1abe1cfa00b8869a15aeafabd490c8d4be2f8ab
08-forms-ehb/ehb-f-02-1-personal-info-update-v1-0-draft.docx,ehb-f-02-1-personal-info-update,EHB-F-02.1,ESTABLISHED,,08-forms-ehb,1.0,DRAFT,NOT_SUPERSEDED,NOT_APPLICABLE,ACTIVE,YES,YES,2,Page X of Y,08-forms-ehb,Document Control,2.2-development,Build Manifest controlled,1ab40db625be5658bdf789f0f85bb1820dcd501a7746705f65ffb0197174f0e3,402e9cbf62c83ee0386998bf73a88fe553f053a3b69461ba43904c847c00f2c2
08-forms-ehb/ehb-f-03-1-electronic-w2-consent-v3-0-draft.docx,ehb-f-03-1-electronic-w2-consent,EHB-F-03.1,ESTABLISHED,,08-forms-ehb,3.0,DRAFT,NOT_SUPERSEDED,NOT_APPLICABLE,ACTIVE,YES,YES,1,Page X of Y,08-forms-ehb,Document Control,2.2-development,Build Manifest controlled,14f093a75fb33b34b8d2897038a12e8a7ee98e853b68302ec2ef8221e9154ba9,71f5b38545e68a19318d9e28de880cc9b3a823abac5ed626c987bd0273c22ea0
08-forms-ehb/ehb-f-03-2-direct-deposit-authorization-v3-0-draft.docx,ehb-f-03-2-direct-deposit-authorization,EHB-F-03.2,ESTABLISHED,,08-forms-ehb,3.0,DRAFT,NOT_SUPERSEDED,NOT_APPLICABLE,ACTIVE,YES,YES,1,Page X of Y,08-forms-ehb,Document Control,2.2-development,Build Manifest controlled,7d4f359ef33efb604da8256ae6418f02cfce54704204708c7f119c7a990536b6,46dfac54a43b46fad640d1c16a2130e97077655b1e0aa7f4b19cfdc72c48c90d
08-forms-ehb/ehb-f-05-1-pto-request-v3-0-draft.docx,ehb-f-05-1-pto-request,EHB-F-05.1,ESTABLISHED,,08-forms-ehb,3.0,DRAFT,NOT_SUPERSEDED,NOT_APPLICABLE,ACTIVE,YES,YES,1,Page X of Y,08-forms-ehb,Document Control,2.2-development,Build Manifest controlled,243016c4720360a08bf5dc8ac4634631c1b9f333db207f49a20a1f29f3ab8ebb,a3cf0f16c41b78e95830c30b75a950269dbe39a5cab714ba96920d3a21783677
08-forms-ehb/ehb-f-05-2-leave-of-absence-request-v3-0-draft.docx,ehb-f-05-2-leave-of-absence-request,EHB-F-05.2,ESTABLISHED,,08-forms-ehb,3.0,DRAFT,NOT_SUPERSEDED,NOT_APPLICABLE,ACTIVE,YES,YES,1,Page X of Y,08-forms-ehb,Document Control,2.2-development,Build Manifest controlled,12448c0a95e2e27eeb62a23334e58f3eb17f9b3e35a156234a82a1cb6f264fa1,791629c099c2b001d26fb08fc09943981305d9de3e8d71e4d49413b23ef77499
08-forms-ehb/ehb-f-07-1-vehicle-policy-acknowledgment-v1-0-draft.docx,ehb-f-07-1-vehicle-policy-acknowledgment,EHB-F-07.1,ESTABLISHED,,08-forms-ehb,1.0,DRAFT,NOT_SUPERSEDED,NOT_APPLICABLE,ACTIVE,YES,YES,2,Page X of Y,08-forms-ehb,Document Control,2.2-development,Build Manifest controlled,768e5079b6b565ec5f6bd4ef0cfa3fef17f768d451a19df6496bc4dbf2642b83,f8bb817b2aee1939fb80d4fefd8edc4e7a9ed0c3e3d18232df5dee98a3443c58
08-forms-ehb/ehb-f-07-2-tech-ai-use-agreement-v1-0-draft.docx,ehb-f-07-2-tech-ai-use-agreement,EHB-F-07.2,ESTABLISHED,,08-forms-ehb,1.0,DRAFT,NOT_SUPERSEDED,NOT_APPLICABLE,ACTIVE,YES,YES,2,Page X of Y,08-forms-ehb,Document Control,2.2-development,Build Manifest controlled,9d75dc536e82cae95e050a910c61384301ba2f857d07fbf6b4c8bd6a6f3a1426,cc38b7ec449609303b22398580fa5c9a5c39f7789877a356ce6eab29729b66d6
08-forms-ehb/ehb-f-07-3-temporary-remote-work-application-v3-0-draft.docx,ehb-f-07-3-temporary-remote-work-application,EHB-F-07.3,ESTABLISHED,,08-forms-ehb,3.0,DRAFT,NOT_SUPERSEDED,NOT_APPLICABLE,ACTIVE,YES,YES,1,Page X of Y,08-forms-ehb,Document Control,2.2-development,Build Manifest controlled,3ce1e0e2fd0f082d3795b7584912dbbb78c050cdd49171d0bd8fb649533b7888,49262b042aa2ce9bd697154bd449a5e1c931264103f15e4cd68c70562173d1ed
08-forms-ehb/ehb-f-08-1-performance-improvement-plan-v1-0-draft.docx,ehb-f-08-1-performance-improvement-plan,EHB-F-08.1,ESTABLISHED,,08-forms-ehb,1.0,DRAFT,NOT_SUPERSEDED,NOT_APPLICABLE,ACTIVE,YES,YES,2,Page X of Y,08-forms-ehb,Document Control,2.2-development,Build Manifest controlled,0556bb19c24c0769f035e738a5051e5816e5ba36d4ad868df20251e85b166898,ff9859786d29288074de68426725100a4a8a17ddf04187a8fdaca989123d2143
08-forms-ehb/ehb-f-08-2-grievance-appeal-v1-0-draft.docx,ehb-f-08-2-grievance-appeal,EHB-F-08.2,ESTABLISHED,,08-forms-ehb,1.0,DRAFT,NOT_SUPERSEDED,NOT_APPLICABLE,ACTIVE,YES,YES,2,Page X of Y,08-forms-ehb,Document Control,2.2-development,Build Manifest controlled,1abd0b69272e3612ffd01cefec529bf6c71b57a7c9982d692c43ef58ad26fccc,962af31a9345ddf7159fb4b886e0aa88f571842b5cd05655355912fc640eb919
08-forms-ehb/ehb-f-08-3-exit-interview-v1-0-draft.docx,ehb-f-08-3-exit-interview,EHB-F-08.3,ESTABLISHED,,08-forms-ehb,1.0,DRAFT,NOT_SUPERSEDED,NOT_APPLICABLE,ACTIVE,YES,YES,2,Page X of Y,08-forms-ehb,Document Control,2.2-development,Build Manifest controlled,09b510b0edbd893fcf089face58c1ec0f4bb0771045b16a512e34c02442da5ee,768585bcefeeecfbd26321222047fdb2446db20e477a5fb50cd2c993bd741064
08-forms-ehb/ehb-f-09-1-harassment-complaint-v1-0-draft.docx,ehb-f-09-1-harassment-complaint,EHB-F-09.1,ESTABLISHED,,08-forms-ehb,1.0,DRAFT,NOT_SUPERSEDED,NOT_APPLICABLE,ACTIVE,YES,YES,2,Page X of Y,08-forms-ehb,Document Control,2.2-development,Build Manifest controlled,ae3e795dbfcd5bae5490be8fef88223cd6425d5492ec9cb1678383ed7fcea516,ebec1a61954f1291b7627a92bb572e664cc42c402c5c0be747bea0a0af8d7674
08-forms-ehb/ehb-f-10-1-first-day-onboarding-v1-0-draft.docx,ehb-f-10-1-first-day-onboarding,EHB-F-10.1,ESTABLISHED,,08-forms-ehb,1.0,DRAFT,NOT_SUPERSEDED,NOT_APPLICABLE,ACTIVE,YES,YES,2,Page X of Y,08-forms-ehb,Document Control,2.2-development,Build Manifest controlled,b7780113f00040836d82fd3adb03bd55358f126a46394ce3b6d683d31b3bbb86,a66ab5bc4ac55805ffc20042ec4da8c8250a4e0f38d216e09e4091e0f93b3f0d
08-forms-ehb/ehb-f-10-2-performance-review-v1-0-draft.docx,ehb-f-10-2-performance-review,EHB-F-10.2,ESTABLISHED,,08-forms-ehb,1.0,DRAFT,NOT_SUPERSEDED,NOT_APPLICABLE,ACTIVE,YES,YES,2,Page X of Y,08-forms-ehb,Document Control,2.2-development,Build Manifest controlled,15f074b8f8711b134a699dc42a3bbd56d45ed51fd7a2b686fffbadbc0f31eac1,4d9bc8947cf7dfba35c55fecf57de5b4d27cfcd445de781415e702236a71b5ab
08-forms-ehb/mh-employee-handbook-v3-0-draft.docx,mh-employee-handbook,,NOT_ESTABLISHED,,08-forms-ehb,3.0,DRAFT,NOT_SUPERSEDED,NOT_APPLICABLE,ACTIVE,YES,YES,80,Page X of Y,08-forms-ehb,Document Control,2.2-development,Build Manifest controlled,6f58688ca2d17455ce000732a64782b4d92282bf33ebc762e61968bc6f8f8892,074c19fda1711f5c97e03f21d876f46ce22869580bb20f975ace5fd62b4ac84e
09-forms-operations/bid-f-02-1-go-no-go-decision-sheet-v1-0-draft.docx,bid-f-02-1-go-no-go-decision-sheet,BID-F-02.1,ESTABLISHED,,09-forms-operations,1.0,DRAFT,NOT_SUPERSEDED,NOT_APPLICABLE,ACTIVE,YES,YES,2,Page X of Y,09-forms-operations,Document Control,2.2-development,Build Manifest controlled,bd0a0871f6157e021fcf77cda1b8236ccc08a4c2c5338334732a2535593bac82,405d3acbe1752d25cbc47e55aad4863db3fa959d9c1f6b1d20099f695c23b7c9
09-forms-operations/bid-f-04-1-subcontractor-itb-log-v1-0-draft.docx,bid-f-04-1-subcontractor-itb-log,BID-F-04.1,ESTABLISHED,,09-forms-operations,1.0,DRAFT,NOT_SUPERSEDED,NOT_APPLICABLE,ACTIVE,YES,YES,2,Page X of Y,09-forms-operations,Document Control,2.2-development,Build Manifest controlled,57c75da50bc1a7be9f372ae122976cb866045a5eaaf605e995ebe997ae0fb28a,a77d05d05739a686b267f05bbe1dac04f2263cd835e3a7f9bd243fb3fed28dec
09-forms-operations/bid-f-05-1-bid-submittal-cover-v1-0-draft.docx,bid-f-05-1-bid-submittal-cover,BID-F-05.1,ESTABLISHED,,09-forms-operations,1.0,DRAFT,NOT_SUPERSEDED,NOT_APPLICABLE,ACTIVE,YES,YES,2,Page X of Y,09-forms-operations,Document Control,2.2-development,Build Manifest controlled,77bb1ba88a6075bb7a3424351a30dce46f0b7580a50c7f62504b668c50d74db0,1a3d7801d29c45424ef8d5daa0ed1859c178df36efcafcd63e55ccc2b8b4bb0b
09-forms-operations/eom-f-01-1-equipment-asset-onboarding-v1-0-draft.docx,eom-f-01-1-equipment-asset-onboarding,EOM-F-01.1,ESTABLISHED,,09-forms-operations,1.0,DRAFT,NOT_SUPERSEDED,NOT_APPLICABLE,ACTIVE,YES,YES,2,Page X of Y,09-forms-operations,Document Control,2.2-development,Build Manifest controlled,987f192d8e1bc677de09cae61e77ce8af56517e772f2d9b25d2952f7f7751b80,b2b079522132e62cd4b97543c85fc953ba36d27bdea51d728a97cb4749bf1bec
09-forms-operations/eom-f-02-1-operator-certification-log-v1-0-draft.docx,eom-f-02-1-operator-certification-log,EOM-F-02.1,ESTABLISHED,,09-forms-operations,1.0,DRAFT,NOT_SUPERSEDED,NOT_APPLICABLE,ACTIVE,YES,YES,2,Page X of Y,09-forms-operations,Document Control,2.2-development,Build Manifest controlled,d0bdca2768e47037a34e1b66b6b3e0fe2c2b11a3e32e554d74686bc8df536a7a,e1fcd158bb1f1069a7bee75e0b93b07eb0889a6747d3a41c77e102f79e406d31
09-forms-operations/eom-f-03-1-equipment-assignment-transfer-v1-0-draft.docx,eom-f-03-1-equipment-assignment-transfer,EOM-F-03.1,ESTABLISHED,,09-forms-operations,1.0,DRAFT,NOT_SUPERSEDED,NOT_APPLICABLE,ACTIVE,YES,YES,2,Page X of Y,09-forms-operations,Document Control,2.2-development,Build Manifest controlled,0cb88a513d55b3713352fc0139cb2cde58c02886902c0b6dbb5223aa77062ef3,591113e6999c48effa3fb317f3b23b4a687a840dbc78e7474a653c8226386b64
09-forms-operations/eom-f-04-1-equipment-rental-request-return-v1-0-draft.docx,eom-f-04-1-equipment-rental-request-return,EOM-F-04.1,ESTABLISHED,,09-forms-operations,1.0,DRAFT,NOT_SUPERSEDED,NOT_APPLICABLE,ACTIVE,YES,YES,1,Page X of Y,09-forms-operations,Document Control,2.2-development,Build Manifest controlled,c384325d945d8eb649ee7cb47fc0cb1a9bdae8a153995419601cf8519fe66cd3,cdde3e44149c806ba2a80d0f5665aa8109fda759b252c443c9541714db7b4aa0
09-forms-operations/eom-f-05-1-equipment-maintenance-request-v1-0-draft.docx,eom-f-05-1-equipment-maintenance-request,EOM-F-05.1,ESTABLISHED,,09-forms-operations,1.0,DRAFT,NOT_SUPERSEDED,NOT_APPLICABLE,ACTIVE,YES,YES,2,Page X of Y,09-forms-operations,Document Control,2.2-development,Build Manifest controlled,457b59b0356a73397f07d80199cecd57d916696d8277defd82276c503d57fc1b,99f28ba3436dbbca242ecd8adedcd4e4f8b1f985cd71594b61172b1b25c237c8
09-forms-operations/eom-f-05-2-return-to-service-release-v1-0-draft.docx,eom-f-05-2-return-to-service-release,EOM-F-05.2,ESTABLISHED,,09-forms-operations,1.0,DRAFT,NOT_SUPERSEDED,NOT_APPLICABLE,ACTIVE,YES,YES,2,Page X of Y,09-forms-operations,Document Control,2.2-development,Build Manifest controlled,9cba336e6128070346a3a6b9bb5442650ca4b2818134203d5180a103748be970,bd3584216b4ffa9d59d901de25216572a2194145348b543c2beab81543f1681b
09-forms-operations/eom-f-05-3-fuel-mileage-hour-log-v1-0-draft.docx,eom-f-05-3-fuel-mileage-hour-log,EOM-F-05.3,ESTABLISHED,,09-forms-operations,1.0,DRAFT,NOT_SUPERSEDED,NOT_APPLICABLE,ACTIVE,YES,YES,1,Page X of Y,09-forms-operations,Document Control,2.2-development,Build Manifest controlled,13faac4d41318b714d6aec1daac529248557cc175a0cb6dc04717fe37969f55e,4e22e41885db2c40630ba3df629ed94a2b1ba401ba248919c60ed0f190f2a20b
09-forms-operations/eom-f-05-4-planned-service-event-roster-v1-0-draft.docx,eom-f-05-4-planned-service-event-roster,EOM-F-05.4,ESTABLISHED,,09-forms-operations,1.0,DRAFT,NOT_SUPERSEDED,NOT_APPLICABLE,ACTIVE,YES,YES,2,Page X of Y,09-forms-operations,Document Control,2.2-development,Build Manifest controlled,c0ad276a16802cab878f7d6e6de8f77b26a5ea56f17c7f87eb8962c58f0d15ad,56c38aaca3372212c4a63e1b1e285f2fbb60f7e0e06f57de43f8d1c0f6be63c4
09-forms-operations/eom-f-06-1-equipment-disposition-record-v1-0-draft.docx,eom-f-06-1-equipment-disposition-record,EOM-F-06.1,ESTABLISHED,,09-forms-operations,1.0,DRAFT,NOT_SUPERSEDED,NOT_APPLICABLE,ACTIVE,YES,YES,2,Page X of Y,09-forms-operations,Document Control,2.2-development,Build Manifest controlled,487afb367e8c60eabe7985d119d4cb440be877873e1a2c9f0baa371e8545fa1e,e9eb85a53583d4465eb04cc3f20ebedf6850a1e08939768cddcce39e319b92b7
09-forms-operations/fin-f-02-1-budget-baseline-entry-v1-0-draft.docx,fin-f-02-1-budget-baseline-entry,FIN-F-02.1,ESTABLISHED,,09-forms-operations,1.0,DRAFT,NOT_SUPERSEDED,NOT_APPLICABLE,ACTIVE,YES,YES,2,Page X of Y,09-forms-operations,Document Control,2.2-development,Build Manifest controlled,e793a3ec8334a28d894926ce764a3d3b8d101f350b470957b5b0ab05aa07632f,e9e9bff47a73e70acd080689b624c80ed02e07b264ceed389fbb8e8fd4ec7b4c
09-forms-operations/fin-f-04-1-change-order-log-v1-0-draft.docx,fin-f-04-1-change-order-log,FIN-F-04.1,ESTABLISHED,,09-forms-operations,1.0,DRAFT,NOT_SUPERSEDED,NOT_APPLICABLE,ACTIVE,YES,YES,2,Page X of Y,09-forms-operations,Document Control,2.2-development,Build Manifest controlled,6b44f4cf14b8452798ef6c58e9a4695647ea4491115437215a96a03ff15b015c,d840db7031265a951721b9cde5af98d4e518cc2b2a5060b0b8af1fca4819eaf5
09-forms-operations/fin-f-05-1-expense-reimbursement-invoice-capture-v1-0-draft.docx,fin-f-05-1-expense-reimbursement-invoice-capture,FIN-F-05.1,ESTABLISHED,,09-forms-operations,1.0,DRAFT,NOT_SUPERSEDED,NOT_APPLICABLE,ACTIVE,YES,YES,1,Page X of Y,09-forms-operations,Document Control,2.2-development,Build Manifest controlled,09dacdd89c258be288a4194f84b3943e7f054ee8011feb5bb8f1198f25efb06e,ebfd1d2efa00f264aaa61657779ee5aac228564586da6ff3b30c85a2bd6a5156
09-forms-operations/fin-f-06-1-month-end-reconciliation-v1-0-draft.docx,fin-f-06-1-month-end-reconciliation,FIN-F-06.1,ESTABLISHED,,09-forms-operations,1.0,DRAFT,NOT_SUPERSEDED,NOT_APPLICABLE,ACTIVE,YES,YES,2,Page X of Y,09-forms-operations,Document Control,2.2-development,Build Manifest controlled,bf2e0a62a199843840b99258aa1e4425ffeb47621ffa221d9742395b57b2394c,bf4c604669f0821a322fbc6155cfe4bc32d9b49f2d806235beeb8c8e2747901c
09-forms-operations/mh-operations-manual-v1-0-draft.docx,mh-operations-manual,,NOT_ESTABLISHED,,09-forms-operations,1.0,DRAFT,NOT_SUPERSEDED,NOT_APPLICABLE,ACTIVE,YES,YES,42,Page X of Y,09-forms-operations,Document Control,2.2-development,Build Manifest controlled,0c6f83119ec3ffce139e6916e0be5e01ef8f5a4cda1b02c9f892fe21b9cd327c,3c9af34e2ed482ab740a1f2ddbb3437f39bc084460d6fef510ecff0d94f18813
09-forms-operations/mish-manual-v3-0-draft.docx,mish-manual,,NOT_ESTABLISHED,,09-forms-operations,3.0,DRAFT,NOT_SUPERSEDED,NOT_APPLICABLE,ACTIVE,YES,YES,101,Page X of Y,09-forms-operations,Document Control,2.2-development,Build Manifest controlled,2cf6ed537fdc1e61d5d9ff20befc6a8fe3b8653fb4ae827a2b077ec9de2e6448,a7d07b37b225c37e04fac43201ba169898e04cdc6f5c26357bc3e0f8f764c55f
09-forms-operations/pep-f-02-1-project-startup-gate-checklist-v1-0-draft.docx,pep-f-02-1-project-startup-gate-checklist,PEP-F-02.1,ESTABLISHED,,09-forms-operations,1.0,DRAFT,NOT_SUPERSEDED,NOT_APPLICABLE,ACTIVE,YES,YES,1,Page X of Y,09-forms-operations,Document Control,2.2-development,Build Manifest controlled,a162aadc5640e3cecba244e61737ce6fdecbbacf61c4cd7e8db19be5e57c5341,e132143a44fa0a5eb23c86dfe089ee83bcf5cb89d21b64085253d5dd9ac2179f
09-forms-operations/pep-f-03-1-procore-setup-verification-v1-0-draft.docx,pep-f-03-1-procore-setup-verification,PEP-F-03.1,ESTABLISHED,,09-forms-operations,1.0,DRAFT,NOT_SUPERSEDED,NOT_APPLICABLE,ACTIVE,YES,YES,2,Page X of Y,09-forms-operations,Document Control,2.2-development,Build Manifest controlled,0e84771fab6be2692751513377885767f7bbd1941c9330a93445890937e5c383,1aa22d685fb822653806b0ccd409a7a312e047cfdf9e8d40c5842daf20baa06e
09-forms-operations/pep-f-04-1-daily-field-report-v1-0-draft.docx,pep-f-04-1-daily-field-report,PEP-F-04.1,ESTABLISHED,,09-forms-operations,1.0,DRAFT,NOT_SUPERSEDED,NOT_APPLICABLE,ACTIVE,YES,YES,1,Page X of Y,09-forms-operations,Document Control,2.2-development,Build Manifest controlled,68c366e83e11c7a6d8e34bcde312c058abb243cea01afda374167e22b697b264,b80de1e91f7a79e583794ca487d7f542e6166da36a90e7d3e9db02196aac8318
09-forms-operations/pep-f-04-2-six-week-lookahead-v1-0-draft.docx,pep-f-04-2-six-week-lookahead,PEP-F-04.2,ESTABLISHED,,09-forms-operations,1.0,DRAFT,NOT_SUPERSEDED,NOT_APPLICABLE,ACTIVE,YES,YES,1,Page X of Y,09-forms-operations,Document Control,2.2-development,Build Manifest controlled,b440bcdfd0e1b2634037664f38a6d5fe151c29ec6e74a3d510e366a1d5bc9454,3ab47869a6441cdadf8d099067ffe3a1f85fe2770841f82601c83691b9094436
09-forms-operations/pep-f-07-1-oac-meeting-minutes-v1-0-draft.docx,pep-f-07-1-oac-meeting-minutes,PEP-F-07.1,ESTABLISHED,,09-forms-operations,1.0,DRAFT,NOT_SUPERSEDED,NOT_APPLICABLE,ACTIVE,YES,YES,2,Page X of Y,09-forms-operations,Document Control,2.2-development,Build Manifest controlled,28250838f6ce62fa257d75e72e38fe09c4673c67a661aa63c73e015705781ee4,0018f7d0c2e556a038672b70a8ac1d38dc2c27109a403b218cf1a12567fbfe4b
09-forms-operations/pep-f-08-1-closeout-punch-list-v1-0-draft.docx,pep-f-08-1-closeout-punch-list,PEP-F-08.1,ESTABLISHED,,09-forms-operations,1.0,DRAFT,NOT_SUPERSEDED,NOT_APPLICABLE,ACTIVE,YES,YES,2,Page X of Y,09-forms-operations,Document Control,2.2-development,Build Manifest controlled,e932485f82c4753ab606c0730f3f41fa137ee3af7946c980cf41ea40a77ba392,b7d7a2e5923f50e96293229dfedd917b9e1038d5f9fa681e8d9fd6f3cb4b2d96
09-forms-operations/sub-f-02-1-subcontractor-prequalification-v1-0-draft.docx,sub-f-02-1-subcontractor-prequalification,SUB-F-02.1,ESTABLISHED,,09-forms-operations,1.0,DRAFT,NOT_SUPERSEDED,NOT_APPLICABLE,ACTIVE,YES,YES,2,Page X of Y,09-forms-operations,Document Control,2.2-development,Build Manifest controlled,8ad744814879b4efef554c2010a64e635459363265c95ba833cb9ecf55e739ad,c18e85c4858f24b1bce7c60eb9072270d3efde1653a3dd87b562ff231a601c30
09-forms-operations/sub-f-05-1-subcontractor-performance-eval-v1-0-draft.docx,sub-f-05-1-subcontractor-performance-eval,SUB-F-05.1,ESTABLISHED,,09-forms-operations,1.0,DRAFT,NOT_SUPERSEDED,NOT_APPLICABLE,ACTIVE,YES,YES,2,Page X of Y,09-forms-operations,Document Control,2.2-development,Build Manifest controlled,9a5a4509d6fceecaecfcc14bd9cee8127f3b83fe50b4b60f8829a6760f8be5ef,3350ea246b1f1d9b379ea1883b8fc3b203249e0d3298df83c93089cb0d06fb08
09-forms-operations/sub-f-06-1-conditional-lien-waiver-v1-0-draft.docx,sub-f-06-1-conditional-lien-waiver,SUB-F-06.1,ESTABLISHED,,09-forms-operations,1.0,DRAFT,NOT_SUPERSEDED,NOT_APPLICABLE,ACTIVE,YES,YES,2,Page X of Y,09-forms-operations,Document Control,2.2-development,Build Manifest controlled,d7ced16aedf07c1682ff29a7162dd214bb5dc0b983b1e78a04afeb01acbe166f,0b9b0d8b23dfc2d26f77507189588e8997a2c55ee53391268bc753a743e014be
09-forms-operations/sub-f-06-2-unconditional-lien-waiver-v1-0-draft.docx,sub-f-06-2-unconditional-lien-waiver,SUB-F-06.2,ESTABLISHED,,09-forms-operations,1.0,DRAFT,NOT_SUPERSEDED,NOT_APPLICABLE,ACTIVE,YES,YES,2,Page X of Y,09-forms-operations,Document Control,2.2-development,Build Manifest controlled,1ff4ee6f41b9e8448694d770d5bbdaff98b1051ab00f576b8b3d737710642384,04fb25f78c7c0c50f07c5ba49579c6e0eb930040843bdd9788601847bc520f07
09-forms-operations/wmg-f-02-1-receiving-inspection-log-v1-0-draft.docx,wmg-f-02-1-receiving-inspection-log,WMG-F-02.1,ESTABLISHED,,09-forms-operations,1.0,DRAFT,NOT_SUPERSEDED,NOT_APPLICABLE,ACTIVE,YES,YES,2,Page X of Y,09-forms-operations,Document Control,2.2-development,Build Manifest controlled,34a4ec1c67e0afe5df013ad4436ebd1e7ff5edb662daec732176a1fadba2b2e2,b49646afa854cb539c366cac21bc5fd77643a10cbd1f917a7cb923bfadd42623
09-forms-operations/wmg-f-03-1-tool-checkout-log-v1-0-draft.docx,wmg-f-03-1-tool-checkout-log,WMG-F-03.1,ESTABLISHED,,09-forms-operations,1.0,DRAFT,NOT_SUPERSEDED,NOT_APPLICABLE,ACTIVE,YES,YES,2,Page X of Y,09-forms-operations,Document Control,2.2-development,Build Manifest controlled,22fa59852f3dce2937c8daa445e6d1ec5668479d2fb380a020d58948ae94a3e7,c70ed36b66c8aff3ff871393dd1cb2f9585a971399d8b55515cbd54b8847852a
09-forms-operations/wmg-f-06-1-material-delivery-ticket-v1-0-draft.docx,wmg-f-06-1-material-delivery-ticket,WMG-F-06.1,ESTABLISHED,,09-forms-operations,1.0,DRAFT,NOT_SUPERSEDED,NOT_APPLICABLE,ACTIVE,YES,YES,2,Page X of Y,09-forms-operations,Document Control,2.2-development,Build Manifest controlled,c89144cf27c2161c9f945412625037d5c3f2ccd31d19ab5dc01660584ca62617,5a11668b00ca0e2fdb5b07f4aae20fe91a3c89960c246c32c8c2293c9e60c996
10-forms-mish/form-mish-f-10-1-toolbox-talk-log-v1-0-draft.docx,form-mish-f-10-1-toolbox-talk-log,MISH-F-10.1,ESTABLISHED,,10-forms-mish,1.0,DRAFT,NOT_SUPERSEDED,NOT_APPLICABLE,ACTIVE,YES,YES,2,Page X of Y,10-forms-mish,Document Control,2.2-development,Build Manifest controlled,27b08d2ded2ed22fe705104d8a93603e396ab2fa654dcc1f397e900bedaf4bf5,30e62d6182cd5ffb20436761f2229f86526ab499f6750702d917f0ea16d4b6ec
10-forms-mish/form-mish-f-11-1-incident-report-v1-0-draft.docx,form-mish-f-11-1-incident-report,MISH-F-11.1,ESTABLISHED,,10-forms-mish,1.0,DRAFT,NOT_SUPERSEDED,NOT_APPLICABLE,ACTIVE,YES,YES,2,Page X of Y,10-forms-mish,Document Control,2.2-development,Build Manifest controlled,fd51bbe9f5f20c646d1bddbd4c20a8f616b303492834be7a8e415f7c88ccf022,45e3f9d060b1cb608c76a0e6f6c0a4797645854a7f8e82b67b6a5944409ef06a
10-forms-mish/form-mish-f-12-1-corrective-action-order-v1-0-draft.docx,form-mish-f-12-1-corrective-action-order,MISH-F-12.1,ESTABLISHED,,10-forms-mish,1.0,DRAFT,NOT_SUPERSEDED,NOT_APPLICABLE,ACTIVE,YES,YES,2,Page X of Y,10-forms-mish,Document Control,2.2-development,Build Manifest controlled,fe9f5e98da034cfa438f4ebf24cf83ecafad8013c8dddec5265e9093d749cd00,e1b680c2ceb72b7c4deb94235453511a5f44e09dbf4fc606429439c4c1228b87
10-forms-mish/form-mish-f-14-1-chemical-inventory-log-v1-0-draft.docx,form-mish-f-14-1-chemical-inventory-log,MISH-F-14.1,ESTABLISHED,,10-forms-mish,1.0,DRAFT,NOT_SUPERSEDED,NOT_APPLICABLE,ACTIVE,YES,YES,2,Page X of Y,10-forms-mish,Document Control,2.2-development,Build Manifest controlled,f9883a6a2a6ceeb94bb150d0de5311cce8e7d7f86dadf03faec62885869b9480,c1178e0ac1c8e2b7b693312498d80502d53ed6dc025665658161e7313fdf1791
10-forms-mish/form-mish-f-14-2-spill-report-v1-0-draft.docx,form-mish-f-14-2-spill-report,MISH-F-14.2,ESTABLISHED,,10-forms-mish,1.0,DRAFT,NOT_SUPERSEDED,NOT_APPLICABLE,ACTIVE,YES,YES,2,Page X of Y,10-forms-mish,Document Control,2.2-development,Build Manifest controlled,c596d63b8a10369b709686dac1e2758d0cc08526edb435ff6a2fbe8531859134,4a6fec815416e5a2292bd95db69eba8e4d2dff36e8c6856e7062b80b97157d27
10-forms-mish/form-mish-f-16-1-respirator-fit-test-v1-0-draft.docx,form-mish-f-16-1-respirator-fit-test,MISH-F-16.1,ESTABLISHED,,10-forms-mish,1.0,DRAFT,NOT_SUPERSEDED,NOT_APPLICABLE,ACTIVE,YES,YES,2,Page X of Y,10-forms-mish,Document Control,2.2-development,Build Manifest controlled,304d985f5a31adef36472f21240a4b9be486d04af01b745a90f1f29aaa68126e,004ad493f11a4892b0931e15519aa962e202c4f74e868417a7335d38e360de21
10-forms-mish/form-mish-f-17-1-silica-exposure-control-v1-0-draft.docx,form-mish-f-17-1-silica-exposure-control,MISH-F-17.1,ESTABLISHED,,10-forms-mish,1.0,DRAFT,NOT_SUPERSEDED,NOT_APPLICABLE,ACTIVE,YES,YES,2,Page X of Y,10-forms-mish,Document Control,2.2-development,Build Manifest controlled,c866b1ff42ce009b97e897423e45e014be58cd6cc700f933fdf8810b4b8676eb,21d32eb9a2f9c72626ef8386e62780f404acd71a91c39ca3c1a14454da137efe
10-forms-mish/form-mish-f-21-1-fall-protection-inspection-v1-0-draft.docx,form-mish-f-21-1-fall-protection-inspection,MISH-F-21.1,ESTABLISHED,,10-forms-mish,1.0,DRAFT,NOT_SUPERSEDED,NOT_APPLICABLE,ACTIVE,YES,YES,2,Page X of Y,10-forms-mish,Document Control,2.2-development,Build Manifest controlled,00f2fbaa3dcb104f312347bd0b75a8a346181e54b5703094660e39b822857206,5f467aacb47cf1fa50ffe892ea3bdd4532bc2fdcbcc5b4eb6f5dd69fae59da80
10-forms-mish/form-mish-f-22-1-scaffold-inspection-v1-0-draft.docx,form-mish-f-22-1-scaffold-inspection,MISH-F-22.1,ESTABLISHED,,10-forms-mish,1.0,DRAFT,NOT_SUPERSEDED,NOT_APPLICABLE,ACTIVE,YES,YES,2,Page X of Y,10-forms-mish,Document Control,2.2-development,Build Manifest controlled,43c7ad0cf1f7bd6ba84cf189ef6ca81cfc58684e1aafb479795b2bd0a7d58cab,cd109094c72250387c14388625df3727313fa41cb341723ee75fcb0c6e6efb7e
10-forms-mish/form-mish-f-25-1-trenching-inspection-v1-0-draft.docx,form-mish-f-25-1-trenching-inspection,MISH-F-25.1,ESTABLISHED,,10-forms-mish,1.0,DRAFT,NOT_SUPERSEDED,NOT_APPLICABLE,ACTIVE,YES,YES,2,Page X of Y,10-forms-mish,Document Control,2.2-development,Build Manifest controlled,12fe8a2bdf78db42f1b72a9b5176fe052ef65cf7927a27c6c5f4dc255aaeee8a,366f7bce6fc7467de431480dcde55ea171cbe6886ce8d9abc67ca97f55df82ac
10-forms-mish/form-mish-f-27-1-loto-permit-v1-0-draft.docx,form-mish-f-27-1-loto-permit,MISH-F-27.1,ESTABLISHED,,10-forms-mish,1.0,DRAFT,NOT_SUPERSEDED,NOT_APPLICABLE,ACTIVE,YES,YES,2,Page X of Y,10-forms-mish,Document Control,2.2-development,Build Manifest controlled,e4b688241f7585d24a14a24ed63f10cd6d84fc3663f57f117f0a4e255874ac77,584a911b2939ba0d9c32def1e45e7bc5601297c2adc80eaba3c5422bc62fb81e
10-forms-mish/form-mish-f-30-1-hot-work-permit-v1-0-draft.docx,form-mish-f-30-1-hot-work-permit,MISH-F-30.1,ESTABLISHED,,10-forms-mish,1.0,DRAFT,NOT_SUPERSEDED,NOT_APPLICABLE,ACTIVE,YES,YES,2,Page X of Y,10-forms-mish,Document Control,2.2-development,Build Manifest controlled,5122dc3608bce14e46ee8c6aacf83adc02ae3a50d3da4b0db71f5b2fa75cb740,1a228723d187c96f41450ce785299dc180d2ff63a8eaf8c292cfb5d3572c735f
10-forms-mish/form-mish-f-32-1-confined-space-permit-v1-0-draft.docx,form-mish-f-32-1-confined-space-permit,MISH-F-32.1,ESTABLISHED,,10-forms-mish,1.0,DRAFT,NOT_SUPERSEDED,NOT_APPLICABLE,ACTIVE,YES,YES,2,Page X of Y,10-forms-mish,Document Control,2.2-development,Build Manifest controlled,4943f0fb6b7c953332f53502c3780455aa9fb136147fec76df2bcca449604351,08f712f33ae76241c2b348226175510ac6482200f3f93c50106988ab36638b16
10-forms-mish/form-mish-f-38-1-crane-lift-plan-v1-0-draft.docx,form-mish-f-38-1-crane-lift-plan,MISH-F-38.1,ESTABLISHED,,10-forms-mish,1.0,DRAFT,NOT_SUPERSEDED,NOT_APPLICABLE,ACTIVE,YES,YES,2,Page X of Y,10-forms-mish,Document Control,2.2-development,Build Manifest controlled,9c2107b97cb671b01aed4e51e4c237685f9f98909eabd0d14005e34a736789e3,54127343bacb1556292c967df6cc42562d683e59e0f642d08785c937bc35c1db
10-forms-mish/form-mish-f-40-1-daily-equipment-inspection-v1-0-draft.docx,form-mish-f-40-1-daily-equipment-inspection,MISH-F-40.1,ESTABLISHED,,10-forms-mish,1.0,DRAFT,NOT_SUPERSEDED,NOT_APPLICABLE,ACTIVE,YES,YES,2,Page X of Y,10-forms-mish,Document Control,2.2-development,Build Manifest controlled,42d26755df590a99781cb99277054d0aa4f63826def58c5a03b8a8b8b816a5cd,e3da92647797c09ca01282a2b6b13f3d3eb5e39fef18af521e44a19b7467e805
10-forms-mish/form-mish-f-41-1-vehicle-pre-trip-inspection-v1-0-draft.docx,form-mish-f-41-1-vehicle-pre-trip-inspection,MISH-F-41.1,ESTABLISHED,,10-forms-mish,1.0,DRAFT,NOT_SUPERSEDED,NOT_APPLICABLE,ACTIVE,YES,YES,2,Page X of Y,10-forms-mish,Document Control,2.2-development,Build Manifest controlled,c3dd9b4283f64aef9630255f8bef4f05cddaff77023e65a19b8632cffce2d793,3534738c50f8a2718c6f32d432493c61cb1f7ddaf4505a03e9c70ff8279dae5c
10-forms-mish/form-mish-f-46-1-first-aid-log-v1-0-draft.docx,form-mish-f-46-1-first-aid-log,MISH-F-46.1,ESTABLISHED,,10-forms-mish,1.0,DRAFT,NOT_SUPERSEDED,NOT_APPLICABLE,ACTIVE,YES,YES,2,Page X of Y,10-forms-mish,Document Control,2.2-development,Build Manifest controlled,f6652326c4b7e10c789d722943661467d8ded4c76501dd41b1fbb00c9ff395ac,b269dddf28335bda9ef58b289dc3f344726b64f98c562feeef3f550e174ba68f
10-forms-mish/form-mish-f-47-1-fire-extinguisher-inspection-v1-0-draft.docx,form-mish-f-47-1-fire-extinguisher-inspection,MISH-F-47.1,ESTABLISHED,,10-forms-mish,1.0,DRAFT,NOT_SUPERSEDED,NOT_APPLICABLE,ACTIVE,YES,YES,2,Page X of Y,10-forms-mish,Document Control,2.2-development,Build Manifest controlled,da29a6cb614136c491f6b57dbc0fd74934eafaf7a4289dbbaef8e0ee06bd3ebe,a786b967a0ca5e7e26b7408768c3d106ba230a21cc521ac00ca4ce2cf1bfba92
10-forms-mish/form-mish-f-48-1-emergency-drill-log-v1-0-draft.docx,form-mish-f-48-1-emergency-drill-log,MISH-F-48.1,ESTABLISHED,,10-forms-mish,1.0,DRAFT,NOT_SUPERSEDED,NOT_APPLICABLE,ACTIVE,YES,YES,2,Page X of Y,10-forms-mish,Document Control,2.2-development,Build Manifest controlled,7efee2c8f7e9a61b74fee977b9f591fd1084d75afeb0df8e8cec33737a358b67,ad65e8f084d9ef8c26f2174126e4c0b6ceb4d5ae58fa660dbf44264328394ccf
10-forms-mish/form-mish-f-50-1-modified-duty-agreement-v1-0-draft.docx,form-mish-f-50-1-modified-duty-agreement,MISH-F-50.1,ESTABLISHED,,10-forms-mish,1.0,DRAFT,NOT_SUPERSEDED,NOT_APPLICABLE,ACTIVE,YES,YES,2,Page X of Y,10-forms-mish,Document Control,2.2-development,Build Manifest controlled,f4db15fff3420f540f4b1477261ab979786018c0295f1fe87052a4491012a26c,88a492f8469aea5b19c17bd2c3c1371912124a964d48b11404a558df59d9a4df
10-forms-mish/form-mish-f-51-1-site-safety-audit-v1-0-draft.docx,form-mish-f-51-1-site-safety-audit,MISH-F-51.1,ESTABLISHED,,10-forms-mish,1.0,DRAFT,NOT_SUPERSEDED,NOT_APPLICABLE,ACTIVE,YES,YES,2,Page X of Y,10-forms-mish,Document Control,2.2-development,Build Manifest controlled,acead6acdb4f330953fbf15dd5ac8d6b466ad7cdfdfa669ac26297a0183d5873,aa0a18e40dde8bb325f66313ad1ab27b632358994bb78074e2de43532e3231f9
10-forms-mish/form-mish-f-53-1-subcontractor-safety-prequal-v1-0-draft.docx,form-mish-f-53-1-subcontractor-safety-prequal,MISH-F-53.1,ESTABLISHED,,10-forms-mish,1.0,DRAFT,NOT_SUPERSEDED,NOT_APPLICABLE,ACTIVE,YES,YES,2,Page X of Y,10-forms-mish,Document Control,2.2-development,Build Manifest controlled,0ebdc0a9a5403391f9884c03142ca705dc879cdf191a5562979e497de1ad3fb2,3e3f46f24afd8b7b5c7a3e2af572c0b9dcd7f9028d2894b76a5566c2c3f3fd1a
10-forms-mish/form-mish-f-55-1-stop-work-authority-log-v1-0-draft.docx,form-mish-f-55-1-stop-work-authority-log,MISH-F-55.1,ESTABLISHED,,10-forms-mish,1.0,DRAFT,NOT_SUPERSEDED,NOT_APPLICABLE,ACTIVE,YES,YES,2,Page X of Y,10-forms-mish,Document Control,2.2-development,Build Manifest controlled,54a6c99c6c3aebe99bb8713db88924c4edaad3a96814b7a9b9344bb9394a95b1,2af3e311bb511f1b3cce0df21d0b5bdf53983497780353a58bc6d37ce6cfd6fa
10-forms-mish/form-mish-f-9-1-pre-job-safety-plan-v1-0-draft.docx,form-mish-f-9-1-pre-job-safety-plan,MISH-F-09.1,ESTABLISHED,,10-forms-mish,1.0,DRAFT,NOT_SUPERSEDED,NOT_APPLICABLE,ACTIVE,YES,YES,2,Page X of Y,10-forms-mish,Document Control,2.2-development,Build Manifest controlled,8110136d6ac348f89e630c5e05ab4df853b07a6b42b326d894296f4de8e7b1d1,201db36735f56616405352a9d1aec834a65ba4e3aa49a08614368fce7db3aea9
10-forms-mish/form-mish-f-9-2-job-hazard-analysis-v1-0-draft.docx,form-mish-f-9-2-job-hazard-analysis,MISH-F-09.2,ESTABLISHED,,10-forms-mish,1.0,DRAFT,NOT_SUPERSEDED,NOT_APPLICABLE,ACTIVE,YES,YES,2,Page X of Y,10-forms-mish,Document Control,2.2-development,Build Manifest controlled,b5130a2392c4f4289454bc56a6dc0020e95bf710f2e30e3f893f946d2f88c40c,2de78a2854d7d04921ad4f1bc4e6e707c04d4c1bca3ddf2e7766ed5b042988f8
